category,subcategory,n_codes_total,n_codes_matched,match_rate_unweighted,departures_total,departures_matched,match_rate_weighted,share_dep_iata,share_dep_icao,share_dep_name_exact,share_dep_us_by_construction,share_dep_ambiguous_group_inconsistent,share_dep_refused_suffix_collision,share_dep_unmatched,note,share_matched_dep_home0,share_matched_dep_home_lt_001,precision_adjusted_match_rate_home0,precision_adjusted_match_rate_lt001
overall,,770,526,0.6831168831168831,47352549.0,45420635.0,0.959201478256218,0.3601659965549056,0.0009998405788038992,0.014815168661775737,0.5832204724607328,0.0,0.004540558101740204,0.03625796364204174,,,,0.9429333149520631,0.9349731943680581
foreign,,534,290,0.5430711610486891,19735573.0,17803659.0,0.9021100628798566,0.8641643189179256,0.0023989675901480035,0.03554677637178307,0.0,0.0,0.010894388523707926,0.08699554859643548,,0.0432685775435263,0.06444018052693551,0.8630770436713441,0.8439779275727135
us,,236,236,1.0,27616976.0,27616976.0,1.0,0.0,0.0,0.0,1.0,0.0,0.0,0.0,,,,,
by_year,1990,211,151,0.7156398104265402,684302.0,628600.0,0.9186002671335171,0.3615815824007529,0.0022840792515585223,0.009698934096349273,0.5450356713848564,0.0,0.015225733667298942,0.06617399919918399,,,,,
by_year,1991,222,155,0.6981981981981982,702865.0,648255.0,0.9223037140844971,0.35268792726910575,0.0034928471328064424,0.013728098568003813,0.552394841114581,0.0,0.015220561558763062,0.06247572435673991,,,,,
by_year,1992,224,153,0.6830357142857143,785685.0,725084.0,0.9228685796470596,0.33395826571717674,0.003946874383499749,0.010630214398900323,0.5743332251474828,0.0,0.016103145662701972,0.06102827469023846,,,,,
by_year,1993,236,164,0.6949152542372882,821201.0,757040.0,0.9218693109238786,0.3289353032935907,0.0014101297976987363,0.008479044716214423,0.5830448331163747,0.0,0.015870657731785517,0.062260031344335914,,,,,
by_year,1994,236,173,0.7330508474576272,844970.0,778764.0,0.9216469223759424,0.336305430962046,0.001234363350178113,0.009097364403469945,0.5750097636602483,0.0,0.013864397552575831,0.06448868007148183,,,,,
by_year,1995,231,172,0.7445887445887446,913576.0,842857.0,0.9225910050176449,0.343826895627731,0.0008110983651059135,0.009568990428820371,0.5683840205959876,0.0,0.013481089695876424,0.06392790528647863,,,,,
by_year,1996,234,174,0.7435897435897436,943240.0,870677.0,0.9230704804715661,0.3524437046774946,0.00031487214282685213,0.010723675840719224,0.5595882278105254,0.0,0.014105635893303931,0.06282388363512997,,,,,
by_year,1997,233,175,0.7510729613733905,983857.0,907300.0,0.9221868625216876,0.36353047241621494,0.00036285761040476413,0.008900683737575684,0.5493928487574922,0.0,0.01282503453245746,0.06498810294585494,,,,,
by_year,1998,228,175,0.7675438596491229,1082897.0,1002467.0,0.9257270082011493,0.3513824491156592,0.00044140855501492753,0.009363771439019593,0.5645393790914556,0.0,0.014306993185870863,0.05996599861297981,,,,,
by_year,1999,229,179,0.7816593886462883,1116846.0,1039105.0,0.9303923728069939,0.3568226953402707,6.983953024857501e-05,0.010742752357979524,0.5627570855784951,0.0,0.014471108818941912,0.05513651837406411,,,,,
by_year,2000,211,171,0.8104265402843602,1198699.0,1129776.0,0.942501829066346,0.3523478371134038,0.0002794696583545994,0.008670233311281647,0.5812042889833061,0.0,0.012278311736307447,0.04521985919734646,,,,,
by_year,2001,200,167,0.835,1191983.0,1152678.0,0.9670255364380197,0.37257158868876483,0.0002567150706008391,0.007466549439044013,0.58673068323961,0.0,0.009955678898105091,0.02301878466387524,,,,,
by_year,2002,238,207,0.8697478991596639,1184295.0,1155966.0,0.9760794396666371,0.37720162628399173,0.0007227928852186322,0.008132264342921317,0.5900227561545054,0.0,0.002849796714501032,0.021070763618861853,,,,,
by_year,2003,235,206,0.8765957446808511,1313134.0,1284752.0,0.9783860596100626,0.3578149678555273,0.0006016141536202702,0.013478441651804006,0.606491035949111,0.0,0.002008934350949713,0.019605006038987644,,,,,
by_year,2004,243,216,0.8888888888888888,1406089.0,1378801.0,0.9805929781116274,0.3458970235881228,0.0016122734762877742,0.023657819668598503,0.6094258613786183,0.0,0.002085216511899318,0.017321805376473324,,,,,
by_year,2005,242,212,0.8760330578512396,1450717.0,1421842.0,0.9800960490571214,0.3334840633976165,0.0014048225808341668,0.021425267643516963,0.6237818954351538,0.0,0.0017432759111528989,0.018160675031725693,,,,,
by_year,2006,243,211,0.8683127572016461,1480226.0,1447260.0,0.9777290765058849,0.3347056462999569,0.0011890076245113922,0.017705404444996912,0.6241290181364197,0.0,0.0018375572378812426,0.020433366256233845,,,,,
by_year,2007,264,223,0.8446969696969697,1516762.0,1482842.0,0.9776365705364454,0.33662565385999915,0.00039689812904068007,0.01586142057883834,0.6247525979685673,0.0,0.00210448310282035,0.020258946360734248,,,,,
by_year,2008,264,222,0.8409090909090909,1498881.0,1465673.0,0.9778448055582798,0.3432087003571331,0.0005564150856538978,0.01619474794863635,0.6178849421668565,0.0,0.0015438183551596157,0.020611376086560575,,,,,
by_year,2009,251,209,0.8326693227091634,1401179.0,1370318.0,0.9779749767874054,0.3454876214958974,0.0007714931496975048,0.015825957996801265,0.6158899041450093,0.0,0.0011732976300672506,0.020851725582527285,,,,,
by_year,2010,265,213,0.8037735849056604,1452032.0,1416094.0,0.9752498567524682,0.342781701780677,0.0007389644305359662,0.016374983471438644,0.6153542070698167,0.0,0.0009311089562764457,0.02381903429125529,,,,,
by_year,2011,265,212,0.8,1475978.0,1440294.0,0.9758234878839658,0.3440193553020438,0.0007703366852351458,0.016431816734395772,0.6146019791622911,0.0,0.0009153252961765013,0.023261186819857747,,,,,
by_year,2012,261,210,0.8045977011494253,1509092.0,1475275.0,0.9775911607774741,0.35024836126624487,0.0002339154935550649,0.017597999326747476,0.6095108846909267,0.0,0.0009290354729864051,0.021479803749539457,,,,,
by_year,2013,255,205,0.803921568627451,1534407.0,1497076.0,0.975670731429145,0.35997033381625604,0.000189649812598613,0.015501754097837144,0.6000089937024531,0.0,0.0014442061330533554,0.022885062437801706,,,,,
by_year,2014,256,206,0.8046875,1581097.0,1542218.0,0.9754101108281149,0.36307133591424184,0.0001966988742626164,0.01664919989096178,0.5954928761486487,0.0,0.0015438647976689602,0.02304602437421613,,,,,
by_year,2015,264,213,0.8068181818181818,1622239.0,1577316.0,0.9723080261293188,0.3758613866390834,0.0003969821955951003,0.020805812213859978,0.5752438450807803,0.0,0.0018221729350607401,0.02586980093562046,,,,,
by_year,2016,272,216,0.7941176470588235,1679258.0,1632094.0,0.9719137857315553,0.38584362855499277,0.0005079624453181108,0.028455424955545844,0.5571067697756985,0.0,0.0025374302221576437,0.02554878404628711,,,,,
by_year,2017,269,210,0.7806691449814126,1726379.0,1674059.0,0.9696937926144839,0.3957526128387799,0.0006435435092757731,0.030708784108240426,0.5425888521581878,0.0,0.002963428076917062,0.027342779308599095,,,,,
by_year,2018,274,211,0.7700729927007299,1784199.0,1723460.0,0.9659572727033251,0.40206389533902887,0.0006619216802610023,0.029276442818317913,0.5339550128657173,0.0,0.0030517896266055522,0.030990937670069316,,,,,
by_year,2019,276,206,0.7463768115942029,1807403.0,1712401.0,0.9474372898573257,0.3947597741068262,0.0007153910887610566,0.021964110937073802,0.5299980137246646,0.0,0.0024316657657423384,0.050131044376931985,,,,,
by_year,2020,257,194,0.754863813229572,772692.0,739218.0,0.9566787283937196,0.354856786403897,0.0013627680887080492,0.009983279236746335,0.5904758946643682,0.0,0.0010107520202098637,0.042310519586070516,,,,,
by_year,2021,235,173,0.7361702127659574,1057187.0,1006940.0,0.9524710387093296,0.3099413821774199,0.0018539766380025484,0.0067339080030306845,0.6339417718908764,0.0,0.0014746681523703942,0.046054293138300034,,,,,
by_year,2022,250,179,0.716,1495553.0,1431842.0,0.9573997043234175,0.3713174992795307,0.0019417566612483811,0.005969029516172278,0.5781714188664662,0.0,0.0010939097444222974,0.04150638593216021,,,,,
by_year,2023,250,178,0.712,1689203.0,1612435.0,0.9545537155688215,0.3820209885963972,0.0019518080420174485,0.004993479173314279,0.5655874397570926,0.0,0.0006162669614013235,0.04483001746977717,,,,,
by_year,2024,262,182,0.6946564885496184,1818413.0,1719332.0,0.9455123781011244,0.3754708088866501,0.002185422123576987,0.006458378817133402,0.561397768273764,0.0,0.0006934618263287823,0.053794160072546775,,,,,
by_year,2025,256,179,0.69921875,1826013.0,1730524.0,0.9477062868665228,0.37478922658272423,0.0020646074261245675,0.005307191131717025,0.5655452617259571,0.0,0.0007962703441870348,0.05149744278929011,,,,,
foreign_by_year,1990,159,99,0.6226415094339622,311333.0,255631.0,0.8210854615476034,0.7947471035836227,0.005020347987524612,0.021318009976456078,0.0,0.0,0.03346577458862376,0.14544876386377287,,,,,
foreign_by_year,1991,173,106,0.6127167630057804,314606.0,259996.0,0.8264178051276835,0.7879442858686738,0.007803411250897949,0.030670108008111735,0.0,0.0,0.034004437296173626,0.13957775757614285,,,,,
foreign_by_year,1992,173,102,0.5895953757225434,334440.0,273839.0,0.8187985886855639,0.7845532831001076,0.009272216242076307,0.024973089343379978,0.0,0.0,0.03783040306183471,0.14337100825260135,,,,,
foreign_by_year,1993,179,107,0.5977653631284916,342404.0,278243.0,0.8126160909335172,0.78889849417647,0.003381969836800972,0.02033562692024626,0.0,0.0,0.038063223560472426,0.14932068550601044,,,,,
foreign_by_year,1994,176,113,0.6420454545454546,359104.0,292898.0,0.8156355818927108,0.7913250757440742,0.002904451078239173,0.021406055070397435,0.0,0.0,0.032622861343788986,0.15174155676350026,,,,,
foreign_by_year,1995,168,109,0.6488095238095238,394314.0,323595.0,0.8206530835831343,0.7966037219069066,0.0018792130129795036,0.02217014866324807,0.0,0.0,0.031233991184690373,0.14811292523217537,,,,,
foreign_by_year,1996,167,107,0.6407185628742516,415414.0,342851.0,0.8253236530304708,0.8002595001612849,0.0007149494239481577,0.024349203445237763,0.0,0.0,0.032028289850606864,0.14264805711892234,,,,,
foreign_by_year,1997,166,108,0.6506024096385542,443333.0,366776.0,0.8273149077555697,0.8067569975616523,0.0008052637633562131,0.019752646430561224,0.0,0.0,0.028461675535094388,0.14422341670933586,,,,,
foreign_by_year,1998,159,106,0.6666666666666666,471559.0,391129.0,0.8294380978838279,0.8069212972289788,0.0010136589482970318,0.021503141706552098,0.0,0.0,0.03285484955222994,0.13770705256394217,,,,,
foreign_by_year,1999,159,109,0.6855345911949685,488333.0,410592.0,0.8408033043025968,0.816074277183807,0.00015972707148605562,0.024569300047303788,0.0,0.0,0.033096268325097836,0.12610042737230537,,,,,
foreign_by_year,2000,142,102,0.7183098591549296,502010.0,433087.0,0.862705922192785,0.8413358299635465,0.0006673173841158543,0.020702774845122607,0.0,0.0,0.029318141072886994,0.107975936734328,,,,,
foreign_by_year,2001,135,102,0.7555555555555555,492610.0,453305.0,0.9202107143582144,0.9015225025882544,0.0006211810560077952,0.018067030713952215,0.0,0.0,0.024090050953086622,0.05569923468869897,,,,,
foreign_by_year,2002,134,103,0.7686567164179104,485534.0,457205.0,0.9416539315475332,0.9200550321913604,0.001763007328014104,0.019835892028158688,0.0,0.0,0.0069511095000556085,0.05139495895241116,,,,,
foreign_by_year,2003,136,107,0.7867647058823529,516730.0,488348.0,0.9450738296595901,0.9092930543997833,0.0015288448512762952,0.03425193040853057,0.0,0.0,0.005105180655274515,0.04982098968513537,,,,,
foreign_by_year,2004,141,114,0.8085106382978723,549182.0,521894.0,0.9503115542752676,0.8856116915703719,0.0041279575805470686,0.060571905124348575,0.0,0.0,0.005338849416040584,0.044349596308691834,,,,,
foreign_by_year,2005,144,114,0.7916666666666666,545786.0,516911.0,0.9470946488184013,0.8864115239306248,0.0037340642669471185,0.05694906062082941,0.0,0.0,0.004633684264528588,0.048271666917070064,,,,,
foreign_by_year,2006,151,119,0.7880794701986755,556374.0,523408.0,0.9407484893255257,0.8904801446509003,0.0031633397678539977,0.047105004906771344,0.0,0.0,0.004888797823047087,0.054362712851427276,,,,,
foreign_by_year,2007,166,125,0.7530120481927711,569161.0,535241.0,0.9404035062135319,0.8970765741152328,0.0010576972069414453,0.04226923489135763,0.0,0.0,0.005608254957736036,0.05398823882873212,,,,,
foreign_by_year,2008,171,129,0.7543859649122807,572745.0,539537.0,0.9420195724100603,0.8981815642214249,0.0014561454050231778,0.04238186278361225,0.0,0.0,0.004040192406742966,0.05394023518319671,,,,,
foreign_by_year,2009,169,127,0.7514792899408284,538207.0,507346.0,0.9426596086635811,0.8994494683272422,0.002008520885086965,0.04120161945125203,0.0,0.0,0.0030545868039620443,0.05428580453245684,,,,,
foreign_by_year,2010,181,129,0.712707182320442,558518.0,522580.0,0.9356547147988068,0.8911619679222514,0.0019211556297200807,0.04257159124683538,0.0,0.0,0.0024206919024991136,0.06192459329869404,,,,,
foreign_by_year,2011,181,128,0.7071823204419889,568839.0,533155.0,0.9372687175105786,0.8926339438751563,0.0019988080986008345,0.04263596553682149,0.0,0.0,0.0023750129650041574,0.06035626952441728,,,,,
foreign_by_year,2012,181,130,0.7182320441988951,589284.0,555467.0,0.9426134088147651,0.8969478214239653,0.0005990320456689814,0.0450665553451307,0.0,0.0,0.0023791584363396937,0.05500743274889527,,,,,
foreign_by_year,2013,180,130,0.7222222222222222,613749.0,576418.0,0.9391754609783478,0.8999460691585648,0.0004741351920736327,0.03875525662770937,0.0,0.0,0.0036105965142102063,0.05721394250744197,,,,,
foreign_by_year,2014,183,133,0.726775956284153,639565.0,600686.0,0.9392102444630335,0.8975647510417236,0.0004862680102882428,0.04115922541102155,0.0,0.0,0.00381665663380579,0.05697309890316074,,,,,
foreign_by_year,2015,187,136,0.7272727272727273,689056.0,644133.0,0.9348050085914643,0.8848874402080528,0.0009346119908976919,0.048982956392513814,0.0,0.0,0.004289927088654623,0.06090506431988111,,,,,
foreign_by_year,2016,198,142,0.7171717171717171,743732.0,696568.0,0.9365846837301609,0.8711888153259507,0.0011469185136581458,0.06424894989055198,0.0,0.0,0.005729214286866775,0.05768610198297236,,,,,
foreign_by_year,2017,197,138,0.700507614213198,789665.0,737345.0,0.9337440560237569,0.8652010662749394,0.0014069257216667828,0.06713606402715075,0.0,0.0,0.006478696662508786,0.05977724731373431,,,,,
foreign_by_year,2018,198,135,0.6818181818181818,831517.0,770778.0,0.9269539889142375,0.8627147731194913,0.0014202956764564044,0.06281892011828982,0.0,0.0,0.006548272614991636,0.0664977384707709,,,,,
foreign_by_year,2019,204,134,0.6568627450980392,849483.0,754481.0,0.8881649191331669,0.8399108634310516,0.0015221022669082253,0.046731953435207065,0.0,0.0,0.005173735083574362,0.10666134578325875,,,,,
foreign_by_year,2020,189,126,0.6666666666666666,316436.0,282962.0,0.8942155759774488,0.8665101315905902,0.003327687115246053,0.024377757271612586,0.0,0.0,0.002468113615391422,0.10331631040715974,,,,,
foreign_by_year,2021,169,107,0.6331360946745562,386992.0,336745.0,0.8701601066688717,0.846699673378261,0.005064704179931368,0.01839572911067929,0.0,0.0,0.004028507049241328,0.12581138628188696,,,,,
foreign_by_year,2022,183,112,0.6120218579234973,630867.0,567156.0,0.8990104094840909,0.8802568528707319,0.004603188944737956,0.014150367668621119,0.0,0.0,0.0025932565818151845,0.09839633393409387,,,,,
foreign_by_year,2023,187,115,0.6149732620320856,733811.0,657043.0,0.8953845063647179,0.8793967383972168,0.00449298252547318,0.011494785442027988,0.0,0.0,0.0014186214161412134,0.1031968722191409,,,,,
foreign_by_year,2024,196,116,0.5918367346938775,797560.0,698479.0,0.8757698480365114,0.856062239831486,0.0049826972265409495,0.014724910978484378,0.0,0.0,0.0015810722704247956,0.12264907969306385,,,,,
foreign_by_year,2025,193,116,0.6010362694300518,793320.0,697831.0,0.8796336913225432,0.862665759088388,0.004752180708919478,0.012215751525235718,0.0,0.0,0.0018328039126708012,0.11853350476478597,,,,,
foreign_by_service_class,F,318,220,0.6918238993710691,17322560.0,16114412.0,0.9302558051465835,0.8966371021373284,0.00020822557404910128,0.03341047743520588,0.0,0.0,0.01031452625939815,0.05942966859401844,,,,,
foreign_by_service_class,G,177,112,0.632768361581921,1682577.0,1303233.0,0.7745458305920027,0.7303261604075177,0.0006810981013053192,0.04353857208317955,0.0,0.0,0.009288133618847755,0.2161660357891496,,,,,
foreign_by_service_class,L,279,143,0.5125448028673835,488137.0,224906.0,0.4607436027180894,0.3309931433183717,0.08058598303345167,0.04916447636626603,0.0,0.0,0.041828421119480805,0.4974279761624298,,,,,
foreign_by_service_class,P,162,85,0.5246913580246914,239245.0,160542.0,0.6710359673138414,0.5530982883654831,0.013605300006269723,0.10433237894208866,0.0,0.0,0.0011996070973270079,0.3277644255888315,,,,,
foreign_by_service_class,Q,3,2,0.6666666666666666,3054.0,566.0,0.1853307138179437,0.0006548788474132286,0.0,0.18467583497053044,0.0,0.0,0.0,0.8146692861820564,,,,,
overall_classF,,442,344,0.7782805429864253,41643325.0,40435177.0,0.970988195587168,0.3729781423553475,8.661652257594705e-05,0.013897905606720886,0.5840255311025236,0.0,0.0042905795826822185,0.02472122483014985,,,,0.9547118535803757,0.9463393713158111
foreign_classF,,318,220,0.6918238993710691,17322560.0,16114412.0,0.9302558051465835,0.8966371021373284,0.00020822557404910128,0.03341047743520588,0.0,0.0,0.01031452625939815,0.05942966859401844,,0.04206178916115586,0.06369819761341587,0.8911275816045665,0.871000187039329
us_classF,,124,124,1.0,24320765.0,24320765.0,1.0,0.0,0.0,0.0,1.0,0.0,0.0,0.0,,,,,
null_carrier_code,,0,0,,15483.0,0.0,0.0,,,,,,,,"2407-row category: UNIQUE_CARRIER genuinely null (missing, not a code); 15483 departures, 0.03% of all departures in t100_raw.parquet. Excluded from overall/foreign match-rate denominator per round-file instruction (neither matched nor a code).",,,,
