airport,corridor,window,covid_flag,covid_month_share,departures_total_all_carriers,departures_matched_all_carriers,match_rate_all_carriers,departures_total_foreign,departures_matched_foreign,match_rate_foreign,departures_matched_foreign_homecountry_filtered,match_rate_foreign_precision_adjusted
PEK,1_useastasia,full_2019_2024,True,0.3055555555555556,19177.0,19177.0,1.0,11584.0,11584.0,1.0,11584.0,1.0
PEK,1_useastasia,zoom_2021h2_2022,True,0.3684210526315789,287.0,287.0,1.0,138.0,138.0,1.0,138.0,1.0
PVG,1_useastasia,full_2019_2024,True,0.3055555555555556,22763.0,22763.0,1.0,9183.0,9183.0,1.0,9183.0,1.0
PVG,1_useastasia,zoom_2021h2_2022,True,0.3684210526315789,776.0,776.0,1.0,540.0,540.0,1.0,540.0,1.0
CAN,1_useastasia,full_2019_2024,True,0.3055555555555556,4513.0,4513.0,1.0,4513.0,4513.0,1.0,4513.0,1.0
CAN,1_useastasia,zoom_2021h2_2022,True,0.3684210526315789,300.0,300.0,1.0,300.0,300.0,1.0,300.0,1.0
HKG,1_useastasia,full_2019_2024,True,0.3055555555555556,34187.0,34187.0,1.0,26466.0,26466.0,1.0,26466.0,1.0
HKG,1_useastasia,zoom_2021h2_2022,True,0.3684210526315789,2531.0,2531.0,1.0,2531.0,2531.0,1.0,2531.0,1.0
NRT,1_useastasia,full_2019_2024,True,0.3055555555555556,114485.0,114485.0,1.0,70550.0,70550.0,1.0,65100.0,0.9227498228206945
NRT,1_useastasia,zoom_2021h2_2022,True,0.3684210526315789,25713.0,25713.0,1.0,18621.0,18621.0,1.0,17437.0,0.936415874550239
HND,1_useastasia,full_2019_2024,True,0.3055555555555556,77103.0,77103.0,1.0,44047.0,44047.0,1.0,44047.0,1.0
HND,1_useastasia,zoom_2021h2_2022,True,0.3684210526315789,12826.0,12826.0,1.0,8808.0,8808.0,1.0,8808.0,1.0
ICN,1_useastasia,full_2019_2024,True,0.3055555555555556,111760.0,85319.0,0.7634126700071582,81442.0,55001.0,0.6753395054148965,53527.0,0.6572407357383169
ICN,1_useastasia,zoom_2021h2_2022,True,0.3684210526315789,24555.0,18595.0,0.7572795764610059,16708.0,10748.0,0.6432846540579363,10748.0,0.6432846540579363
TPE,1_useastasia,full_2019_2024,True,0.3055555555555556,52188.0,50123.0,0.9604315168237909,47140.0,45075.0,0.956194314806958,45075.0,0.956194314806958
TPE,1_useastasia,zoom_2021h2_2022,True,0.3684210526315789,8574.0,8574.0,1.0,7428.0,7428.0,1.0,7428.0,1.0
DEL,2_usindia,full_2019_2024,True,0.3055555555555556,24626.0,24626.0,1.0,15786.0,15786.0,1.0,15786.0,1.0
DEL,2_usindia,zoom_2021h2_2022,True,0.3684210526315789,7503.0,7503.0,1.0,4088.0,4088.0,1.0,4088.0,1.0
BOM,2_usindia,full_2019_2024,True,0.3055555555555556,6325.0,6325.0,1.0,4374.0,4374.0,1.0,4374.0,1.0
BOM,2_usindia,zoom_2021h2_2022,True,0.3684210526315789,907.0,907.0,1.0,371.0,371.0,1.0,371.0,1.0
BLR,2_usindia,full_2019_2024,True,0.3055555555555556,772.0,772.0,1.0,772.0,772.0,1.0,772.0,1.0
BLR,2_usindia,zoom_2021h2_2022,True,0.3684210526315789,82.0,82.0,1.0,82.0,82.0,1.0,82.0,1.0
HYD,2_usindia,full_2019_2024,True,0.3055555555555556,65.0,65.0,1.0,65.0,65.0,1.0,65.0,1.0
HYD,2_usindia,zoom_2021h2_2022,True,0.3684210526315789,31.0,31.0,1.0,31.0,31.0,1.0,31.0,1.0
DXB,3_usmideast,full_2019_2024,True,0.3055555555555556,44102.0,44102.0,1.0,42843.0,42843.0,1.0,42843.0,1.0
DXB,3_usmideast,zoom_2021h2_2022,True,0.3684210526315789,11978.0,11978.0,1.0,11978.0,11978.0,1.0,11978.0,1.0
DOH,3_usmideast,full_2019_2024,True,0.3055555555555556,52033.0,52033.0,1.0,50164.0,50164.0,1.0,50164.0,1.0
DOH,3_usmideast,zoom_2021h2_2022,True,0.3684210526315789,15072.0,15072.0,1.0,14660.0,14660.0,1.0,14660.0,1.0
AUH,3_usmideast,full_2019_2024,True,0.3055555555555556,13733.0,13733.0,1.0,13733.0,13733.0,1.0,13733.0,1.0
AUH,3_usmideast,zoom_2021h2_2022,True,0.3684210526315789,3446.0,3446.0,1.0,3446.0,3446.0,1.0,3446.0,1.0
TLV,3_usmideast,full_2019_2024,True,0.3055555555555556,35929.0,35929.0,1.0,18235.0,18235.0,1.0,18235.0,1.0
TLV,3_usmideast,zoom_2021h2_2022,True,0.3684210526315789,12022.0,12022.0,1.0,4830.0,4830.0,1.0,4830.0,1.0
IST,3_usmideast,full_2019_2024,True,0.3055555555555556,57021.0,57021.0,1.0,57019.0,57019.0,1.0,57019.0,1.0
IST,3_usmideast,zoom_2021h2_2022,True,0.3684210526315789,17169.0,17169.0,1.0,17169.0,17169.0,1.0,17169.0,1.0
LHR,4_useurope_placebo,full_2019_2024,True,0.3055555555555556,355075.0,355075.0,1.0,189730.0,189730.0,1.0,189730.0,1.0
LHR,4_useurope_placebo,zoom_2021h2_2022,True,0.3684210526315789,84370.0,84370.0,1.0,45553.0,45553.0,1.0,45553.0,1.0
CDG,4_useurope_placebo,full_2019_2024,True,0.3055555555555556,150422.0,150416.0,0.9999601122176277,80217.0,80211.0,0.9999252028871686,78831.0,0.9827218669359363
CDG,4_useurope_placebo,zoom_2021h2_2022,True,0.3684210526315789,37924.0,37924.0,1.0,21680.0,21680.0,1.0,21680.0,1.0
FRA,4_useurope_placebo,full_2019_2024,True,0.3055555555555556,133305.0,133303.0,0.9999849968118225,82440.0,82438.0,0.9999757399320718,82438.0,0.9999757399320718
FRA,4_useurope_placebo,zoom_2021h2_2022,True,0.3684210526315789,34486.0,34486.0,1.0,21285.0,21285.0,1.0,21285.0,1.0
AMS,4_useurope_placebo,full_2019_2024,True,0.3055555555555556,120817.0,120817.0,1.0,44092.0,44092.0,1.0,44091.0,0.9999773201487798
AMS,4_useurope_placebo,zoom_2021h2_2022,True,0.3684210526315789,29712.0,29712.0,1.0,11583.0,11583.0,1.0,11583.0,1.0
MAD,4_useurope_placebo,full_2019_2024,True,0.3055555555555556,58978.0,58963.0,0.9997456678761573,32682.0,32667.0,0.9995410317606022,32665.0,0.9994798359953492
MAD,4_useurope_placebo,zoom_2021h2_2022,True,0.3684210526315789,15322.0,15322.0,1.0,8273.0,8273.0,1.0,8273.0,1.0
