unique_carrier,carrier_name,total_departures,first_year,last_year,match_method,modal_foreign_endpoint_country,departures_2019_2024_classF,n_openflights_candidates,candidate_names
AV,Aerovias Nacl De Colombia,254450.0,1990,2025,unmatched,CO,60809.0,1,Avianca - Aerovias Nacionales de Colombia (AVIANCA)
OZ,Asiana Airlines Inc.,204972.0,1991,2025,unmatched,KR,22793.0,2,Asiana Airlines (Republic of Korea); Ozark Air Lines (United States)
CP (1),Canadian Airlines International Ltd.,183233.0,1990,2000,unmatched,CA,0.0,2,Canadian Airlines (Canada); Compass Airlines (United States)
VB,"Aeroenlaces Nacionales, S.A. de C.V. d/b/a VivaAerobus",89661.0,2008,2025,unmatched,MX,59023.0,2,Birmingham European (United Kingdom); Pacific Express (United States)
CV,Cargolux Airlines International S.A,79517.0,1990,2025,unmatched,LU,0.0,2,Air Chathams (New Zealand); Cargolux (Luxembourg)
2T (1),Canada 3000 Airlines Ltd.,50096.0,1990,2001,refused_suffix_collision,CA,0.0,1,Haiti Ambassador Airlines (Haiti)
14Q,London Air Services Limited,43186.0,2010,2023,unmatched,CA,0.0,0,
LGQ,Lineas Aereas Allegro,41550.0,1993,2003,unmatched,MX,0.0,0,
L7,Lan Colombia,37777.0,2009,2025,unmatched,CO,0.0,3,Laoag International Airlines (Philippines); Linea Aerea SAPSA (Chile); Lugansk Airlines (Ukraine)
SN (1),Sabena Belgian World Air.,34953.0,1990,2001,refused_suffix_collision,BE,0.0,1,Brussels Airlines (Belgium)
M7,Aerotransportes Mas De Crga,34889.0,1992,2024,unmatched,MX,0.0,3,MasAir (Mexico); Marsland Aviation (Sudan); Tropical Airways (Haiti)
DHQ,DHL Aero Expresso,34841.0,1996,2025,unmatched,PA,0.0,0,
GD,Transp. Aereos Ejecutivos,31811.0,1990,1999,unmatched,MX,0.0,2,Air Alpha Greenland (Denmark); GoDutch (Netherlands)
VH (1),Aeropostal Alas De Venezuel,28302.0,1991,2008,refused_suffix_collision,VE,0.0,1,Virgin Pacific (Fiji)
3S,AeroLogic GmbH,28256.0,2010,2025,unmatched,DE,0.0,2,Aeroland Airways (Greece); Air Antilles Express (Guadeloupe)
M3,ABSA-Aerolinhas Brasileiras,26936.0,1998,2025,unmatched,BR,0.0,3,ABSA - Aerolinhas Brasileiras (Brazil); Air Service (Macedonia); North Flying (Denmark)
P3,Porter Airlines Inc. (PAI),26477.0,2024,2025,unmatched,CA,14457.0,0,
VC (1),Servicios Avensa,25650.0,1991,2002,unmatched,VE,0.0,3,Ocean Airlines (Italy); Voyageur Airways (Canada); Strategic Airlines (Australia)
2OQ,Talofa Airways Limited,24562.0,2016,2025,unmatched,WS,13000.0,0,
GU (1),Aviateca,24313.0,1990,2000,refused_suffix_collision,GT,0.0,1,Gulisano airways (Italy)
AD,Azul Linhas Aereas Brazileiras S A,23156.0,2015,2025,unmatched,BR,10727.0,2,Air Paradise International (Indonesia); Azul (Brazil)
13Q,Chartright Air Inc.,20721.0,2010,2025,unmatched,CA,0.0,0,
LT,Luftransport-Unternehmen,19333.0,1990,2009,unmatched,DE,0.0,2,LTU International (Germany); Air Lituanica (Lithuania)
MT,Thomas Cook Airlines Uk Ltd.,17641.0,1990,2019,refused_suffix_collision,GB,1532.0,1,Thomas Cook Airlines (United Kingdom)
07Q,Flair Airlines Ltd.,17571.0,2007,2025,unmatched,CA,13671.0,0,
LJ,Jin Air Co Ltd.,17468.0,2010,2025,unmatched,KR,6150.0,2,Sierra National Airlines (Sierra Leone); Jin Air (South Korea)
VE,Aerovias Venezolanas-Avensa,16517.0,1990,2001,unmatched,VE,0.0,3,Avensa (Venezuela); EUjet (Ireland); Volare Airlines (Italy)
VA,Virgin Blue International Airlines t/a V Australia,16478.0,2009,2020,unmatched,AU,2218.0,3,V Australia Airlines (Australia); Viasa (Venezuela); Virgin Australia (Australia)
LB,Lloyd Aereo Boliviano S. A.,16362.0,1990,2007,unmatched,BO,0.0,2,Lloyd Aereo Boliviano (Bolivia); Air Costa (India)
A0,Elysair d/b/a L'Avion,15871.0,2007,2018,unmatched,FR,0.0,0,
A2,Cielos De Peru,15628.0,2002,2011,unmatched,CO,0.0,2,Cielos Airlines (Peru); All America (United States)
RNQ,Mytravel Airways,15457.0,1993,2008,unmatched,GB,0.0,2,MyTravel Airways (United Kingdom); Mytravel Airways (Denmark)
TR (1),Transbrasil S.A.,14679.0,1990,2001,refused_suffix_collision,BR,0.0,1,Tiger Airways (Singapore)
4C,Aerovias de Intergracian Regional,14360.0,2010,2025,unmatched,CO,4647.0,1,Aires ( S.A.)
ZB,Monarch Airlines,13813.0,1990,2014,unmatched,GB,0.0,2,Air Bourbon (Reunion); Monarch Airlines (United Kingdom)
RU,AirBridgeCargo Airlines Limited,13644.0,2010,2021,unmatched,NL,0.0,3,AirBridge Cargo (Russia); SkyKing Turks and Caicos Airways (Turks and Caicos Islands); Rainbow Air Euro (United Kingdom)
G3,VRG Linhas Aereas S A,13434.0,2012,2025,unmatched,BR,6554.0,3,City Connexion Airlines (Burundi); Gol Transportes Aéreos (Brazil); Sky Express (Greece)
BCQ,Bradley Air Services Ltd.,12102.0,1990,2025,unmatched,CA,0.0,0,
E7,Estafeta Carga Aereas,11661.0,2002,2025,unmatched,MX,0.0,2,Estafeta Carga Aerea (Mexico); European Aviation Air Charter (United Kingdom)
EH,Saeta Airlines,11552.0,1990,1999,unmatched,EC,0.0,3,Air Nippon Network Co. Ltd. (Japan); SAETA (Ecuador); Euro Harmony (Portugal)
VA (1),Venezuelan International Airways,11293.0,1990,1997,unmatched,VE,0.0,3,V Australia Airlines (Australia); Viasa (Venezuela); Virgin Australia (Australia)
4M,LAN Argentina,11279.0,2006,2020,refused_suffix_collision,AR,949.0,1,LAN Argentina (Argentina)
SN,Brussels Airlines N.V.,11197.0,2012,2025,refused_suffix_collision,BE,4017.0,1,Brussels Airlines (Belgium)
PEQ,SkyLink Express Inc.,9719.0,2004,2023,unmatched,CA,0.0,0,
QN,Royal Air,9537.0,1995,2001,unmatched,CA,0.0,2,Air Armenia (Armenia); Royal (Canada)
SX (1),Aeroejecutivo S.A.,9449.0,1990,2000,unmatched,MX,0.0,4,Sky Work Airlines (Switzerland); Skybus Airlines (United States); Starling Airlines Spain (Spain); SkyWork Airlines  (Switzerland)
3SD,Compagnie Aerienne Inter Regionale Express dba Air Antilles Express & Air Guyane,8912.0,2014,2020,unmatched,GP,2121.0,0,
BF,French bee,8525.0,2018,2025,unmatched,FR,6387.0,2,Aero-Service (Republic of the Congo); Bluebird Cargo (Iceland)
LC (1),Lineas Aereas Del Caribe,8087.0,1990,1996,refused_suffix_collision,CO,0.0,1,Varig Log (Brazil)
UC,Ladeco,7736.0,1990,1996,unmatched,CL,0.0,0,
CLQ,Aero Transcolombiana,7377.0,1993,2000,unmatched,CO,0.0,0,
PL,Aero Peru,7282.0,1990,1999,unmatched,PE,0.0,2,Aeroper (Peru); Airstars (Russia)
OG,Fly PLAY ehf,7147.0,2022,2025,unmatched,IS,6242.0,2,1-2-go (Thailand); AirOnix (Ukraine)
ARQ (1),Aerovias Colombianas Arca,6977.0,1990,1996,unmatched,CO,0.0,1,Armstrong Air (ARMSTRONG)
KI,Time Air Ltd.,6840.0,1990,1997,unmatched,CA,0.0,2,Air Atlantique (United Kingdom); Adam Air (Indonesia)
IW,Air Liberte Aka Aom Minerve,6658.0,1990,2002,unmatched,FR,0.0,2,AOM French Airlines (France); Wings Air (Indonesia)
G3 (1),Aerochago S.A.,6628.0,1990,1999,unmatched,DO,0.0,3,City Connexion Airlines (Burundi); Gol Transportes Aéreos (Brazil); Sky Express (Greece)
SH,Servicio Aereo De Honduras,6559.0,1990,1993,unmatched,BZ,0.0,4,Fly Me Sweden (Sweden); TAN-SAHSA (Honduras); Aéris (Priv) (France); Sharp Airlines (Australia)
ZX (1),Airbc Ltd.,6414.0,1990,2000,unmatched,CA,0.0,2,Air Georgian (Canada); Japan Regio (Japan)
AD (1),Avia Leasing Company,5658.0,2001,2014,unmatched,DO,0.0,2,Air Paradise International (Indonesia); Azul (Brazil)
HFQ,Haiti Air Freight Intl,5264.0,1990,1998,unmatched,CA,0.0,0,
GY,Guyana Airways Corporation,5021.0,1990,2001,unmatched,GY,0.0,3,Guyana Airways 2000 (nan); Tri-MG Intra Asia Airlines (Indonesia); Gabon Airlines (Gabon)
VH,Fast Colombia SAS d/b/a Viva Colombia,4751.0,2015,2023,refused_suffix_collision,CO,3227.0,1,Virgin Pacific (Fiji)
LSQ,Lineas Aereas Suramerican,4537.0,1993,2002,unmatched,CO,0.0,0,
JX,STARLUX AIRLINES,4489.0,2022,2025,unmatched,TW,2065.0,2,Jett8 Airlines Cargo (Singapore); Jusur airways (Egypt)
BQ,Aeromar C. Por A.,4457.0,1990,1999,unmatched,DO,0.0,2,Aeromar (Dominican Republic); Buquebus Líneas Aéreas (Uruguay)
ML,Aero Costa Rica,4377.0,1992,1997,unmatched,CR,0.0,2,African Transport Trading and Investment Company (Sudan); Maldivo Airlines (Maldives)
Y2,Globespan Airways Limited d/b/a Flyglobespan,4158.0,2006,2009,unmatched,GB,0.0,0,
CYQ,Corse Air International,3756.0,1992,2003,unmatched,FR,0.0,0,
GSQ,Global Supply System,3248.0,2002,2014,unmatched,GB,0.0,0,
CEQ,All Canada Express,3008.0,2002,2005,unmatched,CA,0.0,0,
QTQ,Aer Turas Teoranta,3005.0,1990,2002,unmatched,IE,0.0,0,
LZQ,Leisure International Airways Ltd.,2933.0,1993,1996,unmatched,GB,0.0,0,
TX (1),Transportes Aereos Nacional,2845.0,1990,1991,refused_suffix_collision,HN,0.0,1,Air Caraïbes (France)
BBQ,Balair Ag,2807.0,1990,2001,unmatched,CH,0.0,0,
X7,Challenge Airlines (BE) S.A.,2675.0,2019,2025,unmatched,BE,0.0,2,Chitaavia (Russia); Atlantic Air Services (United States)
LUQ,Lineas Aereas La-Tur Sa,2536.0,1990,1991,unmatched,MX,0.0,0,
YB,"HARBOUR AIR LTD. D/B/A HARBOUR AIR SEAPLANES, WHISTLER AIR AND SALTSPRING AIR",2522.0,2022,2025,unmatched,CA,2032.0,0,
N6,Aero Continente,2447.0,1999,2004,unmatched,PE,0.0,3,Lagun Air (Spain); Nuevo Continente (Peru); Aerocontinente (Priv) (Peru)
MUQ,Aerolineas Mundo,2316.0,1990,1998,unmatched,DO,0.0,0,
GJ,Eurofly S.p.A,2295.0,2006,2010,unmatched,IT,0.0,2,Compania Mexicargo (Mexico); Eurofly Service (Italy)
15Q,Air Alsie A/S,2044.0,2010,2025,unmatched,GB,0.0,0,
ITQ,Interamericana De Aviacion,1988.0,1990,1997,unmatched,VE,0.0,0,
RGQ,Regency Air,1950.0,2003,2005,unmatched,CA,0.0,0,
KTQ,Turks Air Ltd.,1946.0,1992,2010,unmatched,TC,0.0,0,
Y8,Yangtze River Express Airlines Company,1944.0,2009,2019,unmatched,CN,0.0,2,Yangtze River Express (China); Marusya Airways (Russia)
NAQ,Nationair,1870.0,1990,1993,unmatched,CA,0.0,0,
W3,Arik Air International,1771.0,2011,2016,unmatched,NG,0.0,2,Arik Air (Nigeria); World Scale Airlines (United States)
TX,Soc.Nouvelle Air Guadeloupe,1706.0,1991,2000,refused_suffix_collision,GP,0.0,1,Air Caraïbes (France)
36Q,Air Hamburg Luftverkehrsgesellschaft mbH,1676.0,2017,2025,unmatched,GB,0.0,0,
D7,Air Asia X Berhad dba Airasia X,1576.0,2017,2020,unmatched,JP,850.0,2,Dinar (Argentina); AirAsia X (Malaysia)
IJ,Great Wall Airlines Company Limited,1511.0,2008,2011,unmatched,CN,0.0,6,Great Wall Airlines (China); InteliJet Airways (Colombia); Transport Aérien Transrégional (France); AirLiberté (France); T.A.T (France); Spring Airlines Japan (Japan)
IFQ,FAI rent-a-jet AG,1473.0,2019,2025,unmatched,CA,0.0,0,
LZ,Balkan Bulgarian Airlines,1396.0,1992,1999,unmatched,BG,0.0,1,Balkan Bulgarian Airlines (nan)
IWQ,Island Wings Ltd. Dba Island Wings Charter,1387.0,2023,2025,unmatched,BS,0.0,0,
TH,Transmile Air Service,1332.0,2005,2008,unmatched,HK,0.0,3,BA Connect (United Kingdom); Transmile Air Services (Malaysia); TransBrasil Airlines (Brazil)
PUQ,Aeropuma,1250.0,1990,1996,unmatched,SV,0.0,1,Aeropuma (AEROPUMA)
MYQ,Lineas Aereas Mayas (Lamsa),1196.0,1992,1998,unmatched,GT,0.0,0,
WD,Halisa Air,1185.0,1995,1997,unmatched,HT,0.0,2,DAS Air Cargo (Uganda); Amsterdam Airlines (Netherlands)
TB,TUI Airlines Belgium N.V. d/b/a Jetairfly,1043.0,2011,2018,unmatched,BE,0.0,2,TUI Airlines Belgium (Belgium); TrasBrasil (Brazil)
HC,Air Senegal S.A,1031.0,2021,2024,unmatched,SN,1031.0,2,Aero-Tropics Air Services (Australia); Himalayan Airlines (Nepal)
P3 (1),Cargologicair Limited,1023.0,2016,2019,unmatched,DE,0.0,0,
CUQ,Caicos Caribbean Airways,981.0,1990,1996,unmatched,TC,0.0,0,
0BQ,DCA,980.0,2007,2025,unmatched,DE,0.0,0,
HAQ,Hamilton Jetport Limited,891.0,2021,2025,unmatched,CA,0.0,0,
LNQ,Aerolineas Latinas,888.0,1990,1995,unmatched,VE,0.0,0,
0CQ,ACM AIR CHARTER GmbH,876.0,2007,2025,unmatched,DE,0.0,0,
AOQ,Avcon Jet AG,840.0,2020,2025,unmatched,FR,0.0,0,
GBQ,G5 Executive Ag,822.0,2002,2015,unmatched,GB,0.0,0,
LC,Varig Logistica S/A,819.0,2005,2008,refused_suffix_collision,BR,0.0,1,Varig Log (Brazil)
0OQ,Open Skies,795.0,2008,2009,unmatched,FR,0.0,0,
WT,Nigeria Airways Ltd.,779.0,1990,1993,unmatched,NG,0.0,0,
ZE,Eastar Jet Co Ltd.,778.0,2016,2017,unmatched,KR,0.0,3,Arcus-Air Logistic (Germany); Lineas Aereas Azteca (Mexico); Eastar Jet (South Korea)
HLQ,Heavylift Cargo Airlines Lt,775.0,1990,2001,unmatched,CA,0.0,0,
POQ,Polyot Airlines,721.0,2001,2014,unmatched,CA,0.0,0,
GU,"Aviateca, S.A.",694.0,2018,2024,refused_suffix_collision,GT,575.0,1,Gulisano airways (Italy)
2T,BermudAir,693.0,2025,2025,refused_suffix_collision,BM,0.0,1,Haiti Ambassador Airlines (Haiti)
JD (1),Japan Air System Co. Ltd.,660.0,1990,1997,refused_suffix_collision,JP,0.0,1,Japan Air System (Japan)
HAQ (1),Hapag Lloyd Flug.,639.0,1990,2001,unmatched,DE,0.0,0,
BEQ,Air Belgium,636.0,1990,1992,unmatched,BE,0.0,0,
0RQ,TAG Aviation Espana S.L.,629.0,2008,2017,unmatched,ES,0.0,0,
5G,"Skyservice Airlines, Inc.",624.0,2007,2010,refused_suffix_collision,CA,0.0,1,Skyservice Airlines (Canada)
H5,Magadan Airlines,621.0,1997,2005,unmatched,RU,0.0,3,Hola Airlines (Spain); Mavial Magadan Airlines (Russia); I-Fly (Russia)
GEQ,"Gestair, S.A.",617.0,2019,2025,unmatched,ES,0.0,0,
KA,Hong Kong Dragonair,616.0,1990,2007,unmatched,HK,0.0,1,Dragonair (DRAGON)
Q4,"Master Top Linhas Aereas, Ltda.",604.0,2007,2011,unmatched,CO,0.0,2,Mastertop Linhas Aereas (Brazil); SOCHI AIR EXPRESS (Russia)
SZQ,Aerolineas El Salvador S A,596.0,1990,1993,unmatched,SV,0.0,0,
JAQ,Jamaica Air Freighters,577.0,1994,1999,unmatched,JM,0.0,0,
XC,Air Caribbean (1),563.0,1990,1997,unmatched,AN,0.0,0,
TR,Scoot Tigerair Pte Ltd d/b/a Scoot,554.0,2017,2019,refused_suffix_collision,JP,140.0,1,Tiger Airways (Singapore)
0QQ,TAG Aviation (UK) Ltd.,527.0,2009,2025,unmatched,GB,0.0,0,
JD,Beijing Capital Airlines,523.0,2017,2020,refused_suffix_collision,CN,229.0,1,Japan Air System (Japan)
0Q,Flying Service N.V.,512.0,2010,2025,unmatched,FR,0.0,0,
0UQ,"Comlux Malta, Ltd.",506.0,2009,2025,unmatched,CH,0.0,0,
BZQ,"Abaco Air, Ltd.",487.0,2005,2013,unmatched,BS,0.0,0,
1HQ,International Jet Management GmbH,484.0,2011,2025,unmatched,GB,0.0,0,
1UQ,Gainjet Aviation SA,482.0,2013,2025,unmatched,GB,0.0,0,
GCQ,Glock Aviation GmbH,476.0,2018,2025,unmatched,AT,0.0,0,
24Q,Jet Story,465.0,2014,2025,unmatched,GB,0.0,0,
PF,Primera Air Scandinavia,459.0,2018,2018,unmatched,GB,0.0,2,Palestinian Airlines (Egypt); Primera Air (Iceland)
JCO,Concierge U Ltd. d/b/a Jet Concierge Club,448.0,2019,2025,unmatched,GB,0.0,0,
2KQ,Longtail Aviation Ltd.,436.0,2015,2022,unmatched,NL,0.0,0,
CIQ,A/S Conair,424.0,1991,1992,unmatched,SE,0.0,0,
NBQ,Sterling Airways A/S,422.0,1990,1993,unmatched,SE,0.0,0,
2AQ,ABS JETS A.S,403.0,2010,2025,unmatched,CZ,0.0,0,
BM,Belize Air International Ltd.,398.0,1990,1991,unmatched,BZ,0.0,2,Air Sicilia (Italy); Bayu Indonesia Air (Indonesia)
AOQ (1),Aerovias S.A.,396.0,1990,1993,unmatched,GT,0.0,0,
EXQ,Export Air Del Peru S.A.,395.0,1993,1997,unmatched,PE,0.0,0,
EB,WAMOS AIR SA,394.0,2020,2022,unmatched,EE,15.0,0,
17Q,Albinati Aeronautics SA,363.0,2010,2025,unmatched,CH,0.0,0,
V5,J.D.Valenciana De Aviation,358.0,1993,1993,unmatched,VE,0.0,3,Avolar Aerolineas (Mexico); Royal Aruban Airline (Aruba); Danube Wings (V5) (Slovakia)
LXQ,Luxaviation Germany GmbH,355.0,2018,2022,unmatched,GB,0.0,0,
AQQ,Air Charter (Safa),347.0,1990,1998,unmatched,FR,0.0,0,
TGQ,Tranps Aereos Guatemaltecos,336.0,1992,1994,unmatched,GT,0.0,0,
EJQ,Aeroejecutivos C.A.,333.0,1990,1994,unmatched,VE,0.0,0,
2GQ,Cavok Air LLC,329.0,2015,2025,unmatched,CA,0.0,0,
4M (1),Lan Dominica,321.0,2003,2004,refused_suffix_collision,DO,0.0,1,LAN Argentina (Argentina)
IPQ,Aruba Cargo,311.0,1990,1992,unmatched,AW,0.0,0,
GCQ (1),General Air Cargo,309.0,1991,1993,unmatched,VE,0.0,0,
TDQ,Venexcargo,300.0,1990,1992,unmatched,VE,0.0,0,
2UQ,Svenskt Industriflyg AB,274.0,2016,2025,unmatched,GB,0.0,0,
4S,Sol Air (Aero Hunduras),272.0,2002,2002,unmatched,HN,0.0,2,Finalair Congo (Republic of the Congo); Vuola Italia (Italy)
LDQ,Sparfell Luftfahrt GmbH,271.0,2018,2025,unmatched,FR,0.0,0,
NWQ,N. W. Territorial Airways,270.0,1990,1997,unmatched,CA,0.0,0,
UYQ,Aerolineas Uruguayas S.A.,265.0,1993,2001,unmatched,UY,0.0,0,
2R,Regal Air,250.0,1990,1992,unmatched,KN,0.0,2,VIA Rail Canada (Canada); All America AR (Argentina)
JX (1),Jes Air Ltd.,238.0,1991,1992,unmatched,CA,0.0,2,Jett8 Airlines Cargo (Singapore); Jusur airways (Egypt)
1JQ,Exec Direct Aviation Services Limited,236.0,2011,2013,unmatched,JM,0.0,0,
10Q,Swiss Air Ambulance,230.0,2010,2025,unmatched,CA,0.0,0,
8J,Jetall Airways,226.0,1995,1995,unmatched,CA,0.0,2,Jet4You (Morocco); Komiinteravia (Russia)
1ZQ,Comlux Aruba NV,224.0,2014,2025,unmatched,GB,0.0,0,
05Q,"Comlux Aviation, AG",220.0,2006,2012,unmatched,BS,0.0,0,
HUQ,Haute Aviation,202.0,2023,2025,unmatched,GB,0.0,0,
26Q,Albinati aviation Limited,198.0,2015,2025,unmatched,IT,0.0,0,
EAU,Elitavia Malta Limited,163.0,2019,2025,unmatched,CN,0.0,0,
TEQ,TAG Aviation (Malta) Ltd.,159.0,2019,2025,unmatched,GB,0.0,0,
SO,Swiss World Airways,156.0,1998,1998,unmatched,CH,0.0,3,Superior Aviation (United States); Sosoliso Airlines (Nigeria); Salsa d\\'Haiti (Haiti)
CVQ,Caraven S.A.,156.0,1992,1997,unmatched,VE,0.0,0,
KFQ,Skyfirst Limited,151.0,2018,2025,unmatched,FR,0.0,0,
5G (1),Queen Air,148.0,1998,1999,refused_suffix_collision,DO,0.0,1,Skyservice Airlines (Canada)
GS,Air Foyle Limited,143.0,1992,1996,unmatched,CA,0.0,2,Air Foyle (United Kingdom); Grant Aviation (United States)
GJQ,GainJet Ireland Ltd,138.0,2023,2025,unmatched,CA,0.0,0,
TBQ,Triair Bermuda Flt Operations,136.0,2003,2017,unmatched,GB,0.0,0,
QFX,Sparfell Malta Ltd,133.0,2022,2025,unmatched,FR,0.0,0,
LXQ (1),Translux Intl Airlines,132.0,1998,2000,unmatched,CA,0.0,0,
LCQ,Latcr,132.0,1991,1991,unmatched,CR,0.0,0,
LDM,Laudamotion GmbH,123.0,2007,2019,unmatched,AT,0.0,0,
MT (1),Flying Colours Airlines Ltd.,122.0,1997,1997,refused_suffix_collision,GB,0.0,1,Thomas Cook Airlines (United Kingdom)
25Q,Mjet GmbH,111.0,2015,2025,unmatched,CH,0.0,0,
NIQ,AVCON JET MALTA LTD,102.0,2021,2025,unmatched,FR,0.0,0,
LRQ,Air Liberte,94.0,1990,1990,unmatched,FR,0.0,0,
NVQ,Novair International Airways Ltd.,92.0,1990,1990,unmatched,GB,0.0,0,
LMQ,Luxaviation EA,89.0,2022,2025,unmatched,FR,0.0,0,
EFQ,Trans Europ. Airways France,82.0,1991,1992,unmatched,FR,0.0,0,
HQQ,Harlequin Air Corporation,81.0,1998,2000,unmatched,JP,0.0,0,
CT,Air Atlanta Europe Limited,77.0,2024,2024,unmatched,DE,0.0,2,Civil Air Transport (Taiwan); Alitalia Cityliner (Italy)
AQX,Axis Aviation GmbH,74.0,2023,2025,unmatched,IT,0.0,0,
2RQ,Luxaviation S A,69.0,2016,2022,unmatched,GB,0.0,0,
GWQ,"Golden Wings Charter, Ltd",64.0,2022,2025,unmatched,BS,0.0,0,
URQ,Aero Uruguay,62.0,1992,1992,unmatched,UY,0.0,0,
HYP,Hyperion Aviation Ltd. dba Hyperion,61.0,2019,2025,unmatched,NL,0.0,0,
EDQ,Air Charter Scotland Ltd.,61.0,2024,2025,unmatched,GB,0.0,0,
OMQ,Quassar De Mexico,59.0,1993,1994,unmatched,MX,0.0,0,
8L,Servicio Aereo Leo Lopez,54.0,1994,1994,unmatched,MX,0.0,2,Cargo Plus Aviation (United Arab Emirates); Redhill Aviation (United Kingdom)
W2,FlexFlight AsP,54.0,2024,2025,unmatched,CA,0.0,2,Canadian Western Airlines (Canada); Maastricht Airlines (Netherlands)
E9,Evelop Airlines SL,51.0,2017,2025,unmatched,ES,14.0,3,Boston-Maine Airways (United States); AJT Air International (Russia); Compagnie Africaine d\\'Aviation (Congo (Kinshasa))
0LQ,"Metropix UK, LLP.",49.0,2007,2010,unmatched,GB,0.0,0,
FYQ,Flying Group Lux S.A.,45.0,2018,2025,unmatched,BE,0.0,0,
BOQ,Transp. Aereos Bolivianos,45.0,1990,1991,unmatched,BO,0.0,0,
ZPQ,"Silk Way Airlines, LLC",44.0,2020,2025,unmatched,IS,0.0,0,
1LQ,Bertelsmann Aviation GmbH,43.0,2012,2022,unmatched,DE,0.0,0,
BN,Britannia Airways GmbH,36.0,1998,1999,unmatched,DE,0.0,3,Braniff International Airways (United States); Forward Air International Airlines (United States); Horizon Airlines (Australia)
WAQ,Air Charter Systems (Acs),35.0,1990,1991,unmatched,CA,0.0,0,
GJ (1),Mexicargo,35.0,1996,1997,unmatched,MX,0.0,2,Compania Mexicargo (Mexico); Eurofly Service (Italy)
JCQ,Jet Connection Businessflight Ag,33.0,2006,2008,unmatched,GB,0.0,0,
0VQ,Ocean Sky (UK) Limited,30.0,2009,2012,unmatched,RU,0.0,0,
BQJ,Brenzil Pty. Ltd. d/b/a Brenzil Jet Charter,29.0,2024,2025,unmatched,AU,0.0,0,
XQQ,AXIS Aviation Switzerland AG,28.0,2023,2024,unmatched,FR,0.0,0,
JEQ,Jetflite Oy,28.0,2023,2025,unmatched,GB,0.0,0,
0HQ,Polar Airlines de Mexico d/b/a Nova Air,25.0,2007,2008,unmatched,MX,0.0,0,
WEQ,Aero-Services-Corporate,23.0,2005,2007,unmatched,FR,0.0,0,
ARQ,Flightworx Aviation Ltd,22.0,2022,2025,unmatched,GB,0.0,1,Armstrong Air (ARMSTRONG)
HK,Time Air Sweden Ab,19.0,1992,1992,unmatched,CA,0.0,2,Four Star Aviation / Four Star Cargo (United States); Yangon Airways (Burma)
JML,Jet Aviation Flight Services (Malta) Limited (JBJM),17.0,2024,2025,unmatched,ES,0.0,0,
VXQ,Voluxis Limited,14.0,2024,2025,unmatched,GB,0.0,0,
BGQ,Airbus Transport Internat'l,14.0,1998,2003,unmatched,FR,0.0,0,
JWQ,Global Jet Aruba V.B.A. d/b/a Global Jet Aruba,13.0,2024,2025,unmatched,ES,0.0,0,
QS,"Travel Service, a.s. d/b/a SmartWings",12.0,2009,2011,unmatched,CZ,0.0,2,African Safari Airways (Kenya); Travel Service (Czech Republic)
0TQ,"Corporatejets, XXI",11.0,2008,2012,unmatched,GB,0.0,0,
NOQ,Novair Airlines Ab,11.0,1999,1999,unmatched,SE,0.0,0,
AQB,Scanwings Oy,11.0,2024,2025,unmatched,CA,1.0,0,
NEQ,North East Cargo Airlines,11.0,1996,1997,unmatched,RU,0.0,0,
QY,European Air Transport Leipzig GmbH,10.0,2019,2019,unmatched,DE,0.0,2,European Air Transport (Belgium); Red Jet Canada (Canada)
ZAQ,Zas Airline Of Egypt,8.0,1991,1993,unmatched,SA,0.0,0,
1IQ,Jet link AG,8.0,2011,2011,unmatched,CH,0.0,0,
JTH,JetHouse,8.0,2025,2025,unmatched,FR,0.0,0,
JVQ,Prince Aviation,6.0,2019,2020,unmatched,CH,0.0,0,
EMO,Skyemotion GmbH,6.0,2025,2025,unmatched,CA,0.0,0,
NJQ,Romcargo Airline S.R.L,3.0,2023,2025,unmatched,AE,0.0,0,
WFL,World2Fly SLU,3.0,2024,2024,unmatched,NL,0.0,0,
HQC,1903 Aviation,2.0,2024,2024,unmatched,ES,0.0,0,
S6,Star Air A/S,2.0,2008,2008,unmatched,DK,0.0,2,Star Air (Denmark); Salmon Air (United States)
6O,ORBEST AIRLINE,2.0,2022,2022,unmatched,BB,0.0,0,
1NQ,JSC The 224th Flight Unit State Airlines,2.0,2012,2013,unmatched,DE,0.0,0,
