unique_carrier,carrier_name_era,year_start,year_end,nation_iso2,match_method,flip_type,resolution
09Q,"Swift Air, LLC",2006,2017,US,us_by_construction,name_churn_stable_nation,"resolved — UNIQUE_CARRIER_NAME changes across years, but the nation 'US' is verified independently via BTS's own CARRIER_GROUP field, not inferred from route geography; a route-mix change is not evidence against it. Not tested for cross-border drift."
09Q,"Swift Air, LLC d/b/a Eastern Air Lines d/b/a Eastern",2018,2024,US,us_by_construction,name_churn_stable_nation,"resolved — UNIQUE_CARRIER_NAME changes across years, but the nation 'US' is verified independently via BTS's own CARRIER_GROUP field, not inferred from route geography; a route-mix change is not evidence against it. Not tested for cross-border drift."
1BQ,"Dynamic Airways, LLC",2011,2017,US,us_by_construction,name_churn_stable_nation,"resolved — UNIQUE_CARRIER_NAME changes across years, but the nation 'US' is verified independently via BTS's own CARRIER_GROUP field, not inferred from route geography; a route-mix change is not evidence against it. Not tested for cross-border drift."
1BQ,"Eastern Airlines f/k/a Dynamic Airways, LLC",2018,2025,US,us_by_construction,name_churn_stable_nation,"resolved — UNIQUE_CARRIER_NAME changes across years, but the nation 'US' is verified independently via BTS's own CARRIER_GROUP field, not inferred from route geography; a route-mix change is not evidence against it. Not tested for cross-border drift."
23Q,Sky King Inc.,2015,2015,US,us_by_construction,name_churn_stable_nation,"resolved — UNIQUE_CARRIER_NAME changes across years, but the nation 'US' is verified independently via BTS's own CARRIER_GROUP field, not inferred from route geography; a route-mix change is not evidence against it. Not tested for cross-border drift."
23Q,Songbird Airways Inc.,2015,2017,US,us_by_construction,name_churn_stable_nation,"resolved — UNIQUE_CARRIER_NAME changes across years, but the nation 'US' is verified independently via BTS's own CARRIER_GROUP field, not inferred from route geography; a route-mix change is not evidence against it. Not tested for cross-border drift."
24Q,Blue Jet SP Z o o,2014,2014,,unmatched,name_churn_no_nation_assigned,"not applicable — this code carries no assigned nation currently (match_method='unmatched'); listed for completeness only, not tested for cross-border drift."
24Q,Jet Story,2015,2025,,unmatched,name_churn_no_nation_assigned,"not applicable — this code carries no assigned nation currently (match_method='unmatched'); listed for completeness only, not tested for cross-border drift."
2K,Aerolineas Galapagos S A Aerogal,2009,2012,EC,iata,name_churn_stable_nation,"resolved — UNIQUE_CARRIER_NAME changes across years but the top observed endpoint country is stable ('EC') and the mapped nation is held fixed at 'EC'; read as a rebrand, not a nationality flip"
2K,Aerogal,2021,2025,EC,iata,name_churn_stable_nation,"resolved — UNIQUE_CARRIER_NAME changes across years but the top observed endpoint country is stable ('EC') and the mapped nation is held fixed at 'EC'; read as a rebrand, not a nationality flip"
37Q,"Hillwood Airways, LLC  f/k/a   ATX Air Services, LLC",2018,2019,US,us_by_construction,name_churn_stable_nation,"resolved — UNIQUE_CARRIER_NAME changes across years, but the nation 'US' is verified independently via BTS's own CARRIER_GROUP field, not inferred from route geography; a route-mix change is not evidence against it. Not tested for cross-border drift."
37Q,"Eastern Air Express, LLC (EAX)",2025,2025,US,us_by_construction,name_churn_stable_nation,"resolved — UNIQUE_CARRIER_NAME changes across years, but the nation 'US' is verified independently via BTS's own CARRIER_GROUP field, not inferred from route geography; a route-mix change is not evidence against it. Not tested for cross-border drift."
3M,Gulfstream Int,2002,2011,US,us_by_construction,name_churn_stable_nation,"resolved — UNIQUE_CARRIER_NAME changes across years, but the nation 'US' is verified independently via BTS's own CARRIER_GROUP field, not inferred from route geography; a route-mix change is not evidence against it. Not tested for cross-border drift."
3M,Silver Airways,2012,2025,US,us_by_construction,name_churn_stable_nation,"resolved — UNIQUE_CARRIER_NAME changes across years, but the nation 'US' is verified independently via BTS's own CARRIER_GROUP field, not inferred from route geography; a route-mix change is not evidence against it. Not tested for cross-border drift."
5V,Tatonduk Outfitters Limited d/b/a Tatonduk Flying Service,1996,2004,US,us_by_construction,name_churn_stable_nation,"resolved — UNIQUE_CARRIER_NAME changes across years, but the nation 'US' is verified independently via BTS's own CARRIER_GROUP field, not inferred from route geography; a route-mix change is not evidence against it. Not tested for cross-border drift."
5V,Tatonduk Outfitters Limited d/b/a Everts Air Alaska and Everts Air Cargo,2005,2025,US,us_by_construction,name_churn_stable_nation,"resolved — UNIQUE_CARRIER_NAME changes across years, but the nation 'US' is verified independently via BTS's own CARRIER_GROUP field, not inferred from route geography; a route-mix change is not evidence against it. Not tested for cross-border drift."
6B,Britannia Airways A.B.,1999,2001,SE,iata,name_churn_stable_nation,"resolved — UNIQUE_CARRIER_NAME changes across years but the top observed endpoint country is stable ('NO') and the mapped nation is held fixed at 'SE'; read as a rebrand, not a nationality flip"
6B,TUIfly Nordic A.B.,2008,2009,SE,iata,name_churn_stable_nation,"resolved — UNIQUE_CARRIER_NAME changes across years but the top observed endpoint country is stable ('NO') and the mapped nation is held fixed at 'SE'; read as a rebrand, not a nationality flip"
6R,Aerounion ( Aerotransporte de Carga Union SA de CV,2005,2007,RU,iata,name_churn_stable_nation,"resolved — UNIQUE_CARRIER_NAME changes across years but the top observed endpoint country is stable ('MX') and the mapped nation is held fixed at 'RU'; read as a rebrand, not a nationality flip"
6R,Aerounion Aerotransporte de Carga Union SA de CV,2007,2023,RU,iata,name_churn_stable_nation,"resolved — UNIQUE_CARRIER_NAME changes across years but the top observed endpoint country is stable ('MX') and the mapped nation is held fixed at 'RU'; read as a rebrand, not a nationality flip"
7H,Era Aviation,2002,2013,US,us_by_construction,name_churn_stable_nation,"resolved — UNIQUE_CARRIER_NAME changes across years, but the nation 'US' is verified independently via BTS's own CARRIER_GROUP field, not inferred from route geography; a route-mix change is not evidence against it. Not tested for cross-border drift."
7H,"Corvus Airlines, Inc d/b/a Era Aviation d/b/a Ravn Alaska",2014,2019,US,us_by_construction,name_churn_stable_nation,"resolved — UNIQUE_CARRIER_NAME changes across years, but the nation 'US' is verified independently via BTS's own CARRIER_GROUP field, not inferred from route geography; a route-mix change is not evidence against it. Not tested for cross-border drift."
7H,NEW PACIFIC AIRLINES,2024,2025,US,us_by_construction,name_churn_stable_nation,"resolved — UNIQUE_CARRIER_NAME changes across years, but the nation 'US' is verified independently via BTS's own CARRIER_GROUP field, not inferred from route geography; a route-mix change is not evidence against it. Not tested for cross-border drift."
7Z,Laker Airways,1992,1997,CV,iata,name_churn_stable_nation,"resolved — UNIQUE_CARRIER_NAME changes across years but the top observed endpoint country is stable ('BS') and the mapped nation is held fixed at 'CV'; read as a rebrand, not a nationality flip"
7Z,Lb Limited,1997,2004,CV,iata,name_churn_stable_nation,"resolved — UNIQUE_CARRIER_NAME changes across years but the top observed endpoint country is stable ('BS') and the mapped nation is held fixed at 'CV'; read as a rebrand, not a nationality flip"
9E,Pinnacle Airlines Inc.,2002,2013,US,us_by_construction,name_churn_stable_nation,"resolved — UNIQUE_CARRIER_NAME changes across years, but the nation 'US' is verified independently via BTS's own CARRIER_GROUP field, not inferred from route geography; a route-mix change is not evidence against it. Not tested for cross-border drift."
9E,Endeavor Air Inc.,2013,2025,US,us_by_construction,name_churn_stable_nation,"resolved — UNIQUE_CARRIER_NAME changes across years, but the nation 'US' is verified independently via BTS's own CARRIER_GROUP field, not inferred from route geography; a route-mix change is not evidence against it. Not tested for cross-border drift."
9K,Cape Air,2002,2024,US,us_by_construction,name_churn_stable_nation,"resolved — UNIQUE_CARRIER_NAME changes across years, but the nation 'US' is verified independently via BTS's own CARRIER_GROUP field, not inferred from route geography; a route-mix change is not evidence against it. Not tested for cross-border drift."
9K,"Hyannis Air Service, Inc. dba Cape Air",2024,2025,US,us_by_construction,name_churn_stable_nation,"resolved — UNIQUE_CARRIER_NAME changes across years, but the nation 'US' is verified independently via BTS's own CARRIER_GROUP field, not inferred from route geography; a route-mix change is not evidence against it. Not tested for cross-border drift."
9R,Rosenbalm Aviation Inc.,1990,1991,US,us_by_construction,name_churn_stable_nation,"resolved — UNIQUE_CARRIER_NAME changes across years, but the nation 'US' is verified independently via BTS's own CARRIER_GROUP field, not inferred from route geography; a route-mix change is not evidence against it. Not tested for cross-border drift."
9R,Flagship Express Services,1991,1991,US,us_by_construction,name_churn_stable_nation,"resolved — UNIQUE_CARRIER_NAME changes across years, but the nation 'US' is verified independently via BTS's own CARRIER_GROUP field, not inferred from route geography; a route-mix change is not evidence against it. Not tested for cross-border drift."
ABX,Airborne Express Inc.,2002,2005,US,us_by_construction,name_churn_stable_nation,"resolved — UNIQUE_CARRIER_NAME changes across years, but the nation 'US' is verified independently via BTS's own CARRIER_GROUP field, not inferred from route geography; a route-mix change is not evidence against it. Not tested for cross-border drift."
ABX,ABX Air Inc,2005,2025,US,us_by_construction,name_churn_stable_nation,"resolved — UNIQUE_CARRIER_NAME changes across years, but the nation 'US' is verified independently via BTS's own CARRIER_GROUP field, not inferred from route geography; a route-mix change is not evidence against it. Not tested for cross-border drift."
ADB,Antonov Design Bureau,1996,2010,UA,icao,name_churn_stable_nation,"resolved — UNIQUE_CARRIER_NAME changes across years but the top observed endpoint country is stable ('CA') and the mapped nation is held fixed at 'UA'; read as a rebrand, not a nationality flip"
ADB,Antonov Company,2010,2025,UA,icao,name_churn_stable_nation,"resolved — UNIQUE_CARRIER_NAME changes across years but the top observed endpoint country is stable ('CA') and the mapped nation is held fixed at 'UA'; read as a rebrand, not a nationality flip"
AI,Air-India,1990,2011,IN,iata,name_churn_cross_border,"unresolved — the top observed endpoint country changes across UNIQUE_CARRIER_NAME eras for this code (['GB', 'IN']) while the mapped nation is held fixed at 'IN'; candidate undetected nationality change coinciding with the rebrand, needs human review"
AI,National Aviation Company of India Limited d/b/a Air India,2011,2025,IN,iata,name_churn_cross_border,"unresolved — the top observed endpoint country changes across UNIQUE_CARRIER_NAME eras for this code (['GB', 'IN']) while the mapped nation is held fixed at 'IN'; candidate undetected nationality change coinciding with the rebrand, needs human review"
AJQ,Aerodynamics Inc.,2016,2016,US,us_by_construction,name_churn_stable_nation,"resolved — UNIQUE_CARRIER_NAME changes across years, but the nation 'US' is verified independently via BTS's own CARRIER_GROUP field, not inferred from route geography; a route-mix change is not evidence against it. Not tested for cross-border drift."
AJQ,Aerodynamics Inc. d/b/a SkyValue d/b/a SkyValue Airways,2017,2018,US,us_by_construction,name_churn_stable_nation,"resolved — UNIQUE_CARRIER_NAME changes across years, but the nation 'US' is verified independently via BTS's own CARRIER_GROUP field, not inferred from route geography; a route-mix change is not evidence against it. Not tested for cross-border drift."
AZ,Alitalia-Linee Aeree Italia,1990,2008,IT,iata,name_churn_stable_nation,"resolved — UNIQUE_CARRIER_NAME changes across years but the top observed endpoint country is stable ('IT') and the mapped nation is held fixed at 'IT'; read as a rebrand, not a nationality flip"
AZ,Compagnia Aerea Italiana,2009,2021,IT,iata,name_churn_stable_nation,"resolved — UNIQUE_CARRIER_NAME changes across years but the top observed endpoint country is stable ('IT') and the mapped nation is held fixed at 'IT'; read as a rebrand, not a nationality flip"
AZ,Italia Transporto Aereo S.P.A DBA ITA S.P.A,2021,2025,IT,iata,name_churn_stable_nation,"resolved — UNIQUE_CARRIER_NAME changes across years but the top observed endpoint country is stable ('IT') and the mapped nation is held fixed at 'IT'; read as a rebrand, not a nationality flip"
BNQ,BNJ Charter Company,2003,2004,US,us_by_construction,name_churn_stable_nation,"resolved — UNIQUE_CARRIER_NAME changes across years, but the nation 'US' is verified independently via BTS's own CARRIER_GROUP field, not inferred from route geography; a route-mix change is not evidence against it. Not tested for cross-border drift."
BNQ,NetJets Large Aircraft Company L.L.C.,2004,2010,US,us_by_construction,name_churn_stable_nation,"resolved — UNIQUE_CARRIER_NAME changes across years, but the nation 'US' is verified independently via BTS's own CARRIER_GROUP field, not inferred from route geography; a route-mix change is not evidence against it. Not tested for cross-border drift."
BW,British West Indian Airways,1990,2006,TT,iata,name_churn_stable_nation,"resolved — UNIQUE_CARRIER_NAME changes across years but the top observed endpoint country is stable ('TT') and the mapped nation is held fixed at 'TT'; read as a rebrand, not a nationality flip"
BW,Caribbean Airlines Limited,2007,2025,TT,iata,name_churn_stable_nation,"resolved — UNIQUE_CARRIER_NAME changes across years but the top observed endpoint country is stable ('TT') and the mapped nation is held fixed at 'TT'; read as a rebrand, not a nationality flip"
C5,"Commutair Aka Champlain Enterprises, Inc.",2002,2022,US,us_by_construction,name_churn_stable_nation,"resolved — UNIQUE_CARRIER_NAME changes across years, but the nation 'US' is verified independently via BTS's own CARRIER_GROUP field, not inferred from route geography; a route-mix change is not evidence against it. Not tested for cross-border drift."
C5,CommuteAir LLC dba CommuteAir,2022,2025,US,us_by_construction,name_churn_stable_nation,"resolved — UNIQUE_CARRIER_NAME changes across years, but the nation 'US' is verified independently via BTS's own CARRIER_GROUP field, not inferred from route geography; a route-mix change is not evidence against it. Not tested for cross-border drift."
CDQ,Connie Kalitta Services,1990,1991,US,us_by_construction,name_churn_stable_nation,"resolved — UNIQUE_CARRIER_NAME changes across years, but the nation 'US' is verified independently via BTS's own CARRIER_GROUP field, not inferred from route geography; a route-mix change is not evidence against it. Not tested for cross-border drift."
CDQ,American International Airways Inc.,1991,1999,US,us_by_construction,name_churn_stable_nation,"resolved — UNIQUE_CARRIER_NAME changes across years, but the nation 'US' is verified independently via BTS's own CARRIER_GROUP field, not inferred from route geography; a route-mix change is not evidence against it. Not tested for cross-border drift."
CDQ,Kitty Hawk International,1999,2000,US,us_by_construction,name_churn_stable_nation,"resolved — UNIQUE_CARRIER_NAME changes across years, but the nation 'US' is verified independently via BTS's own CARRIER_GROUP field, not inferred from route geography; a route-mix change is not evidence against it. Not tested for cross-border drift."
DH,Atlantic Coast Airlines,2002,2004,US,us_by_construction,name_churn_stable_nation,"resolved — UNIQUE_CARRIER_NAME changes across years, but the nation 'US' is verified independently via BTS's own CARRIER_GROUP field, not inferred from route geography; a route-mix change is not evidence against it. Not tested for cross-border drift."
DH,Independence Air,2004,2005,US,us_by_construction,name_churn_stable_nation,"resolved — UNIQUE_CARRIER_NAME changes across years, but the nation 'US' is verified independently via BTS's own CARRIER_GROUP field, not inferred from route geography; a route-mix change is not evidence against it. Not tested for cross-border drift."
ER,DHL Airways,1992,2003,US,us_by_construction,name_churn_stable_nation,"resolved — UNIQUE_CARRIER_NAME changes across years, but the nation 'US' is verified independently via BTS's own CARRIER_GROUP field, not inferred from route geography; a route-mix change is not evidence against it. Not tested for cross-border drift."
ER,Astar Air Cargo Inc.,2003,2010,US,us_by_construction,name_churn_stable_nation,"resolved — UNIQUE_CARRIER_NAME changes across years, but the nation 'US' is verified independently via BTS's own CARRIER_GROUP field, not inferred from route geography; a route-mix change is not evidence against it. Not tested for cross-border drift."
ER,"Astar USA, LLC",2011,2012,US,us_by_construction,name_churn_stable_nation,"resolved — UNIQUE_CARRIER_NAME changes across years, but the nation 'US' is verified independently via BTS's own CARRIER_GROUP field, not inferred from route geography; a route-mix change is not evidence against it. Not tested for cross-border drift."
EU,Empresa Ecuatoriana De Avia,1990,1993,EC,iata,name_churn_stable_nation,"resolved — UNIQUE_CARRIER_NAME changes across years but the top observed endpoint country is stable ('EC') and the mapped nation is held fixed at 'EC'; read as a rebrand, not a nationality flip"
EU,Ecuatoriana De Aviacion,1996,2000,EC,iata,name_churn_stable_nation,"resolved — UNIQUE_CARRIER_NAME changes across years but the top observed endpoint country is stable ('EC') and the mapped nation is held fixed at 'EC'; read as a rebrand, not a nationality flip"
EV,Atlantic Southeast Airlines,2000,2011,US,us_by_construction,name_churn_stable_nation,"resolved — UNIQUE_CARRIER_NAME changes across years, but the nation 'US' is verified independently via BTS's own CARRIER_GROUP field, not inferred from route geography; a route-mix change is not evidence against it. Not tested for cross-border drift."
EV,ExpressJet Airlines Inc.,2012,2019,US,us_by_construction,name_churn_stable_nation,"resolved — UNIQUE_CARRIER_NAME changes across years, but the nation 'US' is verified independently via BTS's own CARRIER_GROUP field, not inferred from route geography; a route-mix change is not evidence against it. Not tested for cross-border drift."
EV,ExpressJet Airlines LLC,2019,2020,US,us_by_construction,name_churn_stable_nation,"resolved — UNIQUE_CARRIER_NAME changes across years, but the nation 'US' is verified independently via BTS's own CARRIER_GROUP field, not inferred from route geography; a route-mix change is not evidence against it. Not tested for cross-border drift."
EXC,Hapag-Lloyd Executive GmbH,2010,2012,SE,icao,name_churn_stable_nation,"resolved — UNIQUE_CARRIER_NAME changes across years but the top observed endpoint country is stable ('DE') and the mapped nation is held fixed at 'SE'; read as a rebrand, not a nationality flip"
EXC,Hapag-Lloyd Express GmbH,2010,2010,SE,icao,name_churn_stable_nation,"resolved — UNIQUE_CARRIER_NAME changes across years but the top observed endpoint country is stable ('DE') and the mapped nation is held fixed at 'SE'; read as a rebrand, not a nationality flip"
GF,Gulf Air Company,1994,1997,BH,iata,name_churn_stable_nation,"resolved — UNIQUE_CARRIER_NAME changes across years but the top observed endpoint country is stable ('BH') and the mapped nation is held fixed at 'BH'; read as a rebrand, not a nationality flip"
GF,Gulf Air B.S.C. (C),2025,2025,BH,iata,name_churn_stable_nation,"resolved — UNIQUE_CARRIER_NAME changes across years but the top observed endpoint country is stable ('BH') and the mapped nation is held fixed at 'BH'; read as a rebrand, not a nationality flip"
HQ,Hmy Airways Inc.,2002,2004,CA,name_exact,name_churn_stable_nation,"resolved — UNIQUE_CARRIER_NAME changes across years but the top observed endpoint country is stable ('CA') and the mapped nation is held fixed at 'CA'; read as a rebrand, not a nationality flip"
HQ,Harmony Airways,2004,2007,CA,name_exact,name_churn_stable_nation,"resolved — UNIQUE_CARRIER_NAME changes across years but the top observed endpoint country is stable ('CA') and the mapped nation is held fixed at 'CA'; read as a rebrand, not a nationality flip"
IG,Meridiana S.p.A,2010,2018,IT,iata,name_churn_stable_nation,"resolved — UNIQUE_CARRIER_NAME changes across years but the top observed endpoint country is stable ('IT') and the mapped nation is held fixed at 'IT'; read as a rebrand, not a nationality flip"
IG,Airitaly S.P.A.,2018,2020,IT,iata,name_churn_stable_nation,"resolved — UNIQUE_CARRIER_NAME changes across years but the top observed endpoint country is stable ('IT') and the mapped nation is held fixed at 'IT'; read as a rebrand, not a nationality flip"
IW,Aom Minerve S.A.,1990,2001,,unmatched,name_churn_no_nation_assigned,"not applicable — this code carries no assigned nation currently (match_method='unmatched'); listed for completeness only, not tested for cross-border drift."
IW,Air Liberte Aka Aom Minerve,2001,2002,,unmatched,name_churn_no_nation_assigned,"not applicable — this code carries no assigned nation currently (match_method='unmatched'); listed for completeness only, not tested for cross-border drift."
JAQ,Caribbean Airline Company,1994,1994,,unmatched,name_churn_no_nation_assigned,"not applicable — this code carries no assigned nation currently (match_method='unmatched'); listed for completeness only, not tested for cross-border drift."
JAQ,Jamaica Air Freighters,1997,1999,,unmatched,name_churn_no_nation_assigned,"not applicable — this code carries no assigned nation currently (match_method='unmatched'); listed for completeness only, not tested for cross-border drift."
JJ,Transportes Aeros Meridiona,1998,2024,BR,iata,name_churn_stable_nation,"resolved — UNIQUE_CARRIER_NAME changes across years but the top observed endpoint country is stable ('BR') and the mapped nation is held fixed at 'BR'; read as a rebrand, not a nationality flip"
JJ,TAM Linhas Aereas SA dba Latam Airlines Brasil,2024,2025,BR,iata,name_churn_stable_nation,"resolved — UNIQUE_CARRIER_NAME changes across years but the top observed endpoint country is stable ('BR') and the mapped nation is held fixed at 'BR'; read as a rebrand, not a nationality flip"
K5,Wings Of Alaska,2002,2002,US,us_by_construction,name_churn_stable_nation,"resolved — UNIQUE_CARRIER_NAME changes across years, but the nation 'US' is verified independently via BTS's own CARRIER_GROUP field, not inferred from route geography; a route-mix change is not evidence against it. Not tested for cross-border drift."
K5,"SeaPort Airlines, Inc. d/b/a Wings of Alaska",2014,2015,US,us_by_construction,name_churn_stable_nation,"resolved — UNIQUE_CARRIER_NAME changes across years, but the nation 'US' is verified independently via BTS's own CARRIER_GROUP field, not inferred from route geography; a route-mix change is not evidence against it. Not tested for cross-border drift."
K5,"Seaport Airlines, Inc.",2016,2016,US,us_by_construction,name_churn_stable_nation,"resolved — UNIQUE_CARRIER_NAME changes across years, but the nation 'US' is verified independently via BTS's own CARRIER_GROUP field, not inferred from route geography; a route-mix change is not evidence against it. Not tested for cross-border drift."
K8,Alm Antillean Airlines,1990,2002,ZM,iata,name_churn_cross_border,"unresolved — the top observed endpoint country changes across UNIQUE_CARRIER_NAME eras for this code (['AN', 'HT']) while the mapped nation is held fixed at 'ZM'; candidate undetected nationality change coinciding with the rebrand, needs human review"
K8,Dutch Caribbean Airlines,2002,2004,ZM,iata,name_churn_cross_border,"unresolved — the top observed endpoint country changes across UNIQUE_CARRIER_NAME eras for this code (['AN', 'HT']) while the mapped nation is held fixed at 'ZM'; candidate undetected nationality change coinciding with the rebrand, needs human review"
KW,Pacific Interstate Airlines,1990,1991,US,us_by_construction,name_churn_stable_nation,"resolved — UNIQUE_CARRIER_NAME changes across years, but the nation 'US' is verified independently via BTS's own CARRIER_GROUP field, not inferred from route geography; a route-mix change is not evidence against it. Not tested for cross-border drift."
KW,Carnival Air Lines Inc.,1991,1998,US,us_by_construction,name_churn_stable_nation,"resolved — UNIQUE_CARRIER_NAME changes across years, but the nation 'US' is verified independently via BTS's own CARRIER_GROUP field, not inferred from route geography; a route-mix change is not evidence against it. Not tested for cross-border drift."
LA,Lan-Chile Airlines,1990,2025,CL,iata,name_churn_stable_nation,"resolved — UNIQUE_CARRIER_NAME changes across years but the top observed endpoint country is stable ('CL') and the mapped nation is held fixed at 'CL'; read as a rebrand, not a nationality flip"
LA,LATAM Airlines Group SA dba Lan Airlines,2025,2025,CL,iata,name_churn_stable_nation,"resolved — UNIQUE_CARRIER_NAME changes across years but the top observed endpoint country is stable ('CL') and the mapped nation is held fixed at 'CL'; read as a rebrand, not a nationality flip"
LDM,Amira Air GmbH,2007,2015,,unmatched,name_churn_no_nation_assigned,"not applicable — this code carries no assigned nation currently (match_method='unmatched'); listed for completeness only, not tested for cross-border drift."
LDM,Laudamotion GmbH,2016,2019,,unmatched,name_churn_no_nation_assigned,"not applicable — this code carries no assigned nation currently (match_method='unmatched'); listed for completeness only, not tested for cross-border drift."
LDQ,Laudamotion Executive,2018,2020,,unmatched,name_churn_no_nation_assigned,"not applicable — this code carries no assigned nation currently (match_method='unmatched'); listed for completeness only, not tested for cross-border drift."
LDQ,Sparfell Luftfahrt GmbH,2021,2025,,unmatched,name_churn_no_nation_assigned,"not applicable — this code carries no assigned nation currently (match_method='unmatched'); listed for completeness only, not tested for cross-border drift."
LF,Corporate Flight Management Inc.,2014,2014,US,us_by_construction,name_churn_stable_nation,"resolved — UNIQUE_CARRIER_NAME changes across years, but the nation 'US' is verified independently via BTS's own CARRIER_GROUP field, not inferred from route geography; a route-mix change is not evidence against it. Not tested for cross-border drift."
LF,CFM Inc d/b/a Contour Airlines,2016,2017,US,us_by_construction,name_churn_stable_nation,"resolved — UNIQUE_CARRIER_NAME changes across years, but the nation 'US' is verified independently via BTS's own CARRIER_GROUP field, not inferred from route geography; a route-mix change is not evidence against it. Not tested for cross-border drift."
LF,Corporate Flight Management Inc.d/b/a Crystal Luxury Air,2016,2016,US,us_by_construction,name_churn_stable_nation,"resolved — UNIQUE_CARRIER_NAME changes across years, but the nation 'US' is verified independently via BTS's own CARRIER_GROUP field, not inferred from route geography; a route-mix change is not evidence against it. Not tested for cross-border drift."
LF,CFM Inc d/b/a Contour Airlines d/b/a One Jet Shuttle,2018,2025,US,us_by_construction,name_churn_stable_nation,"resolved — UNIQUE_CARRIER_NAME changes across years, but the nation 'US' is verified independently via BTS's own CARRIER_GROUP field, not inferred from route geography; a route-mix change is not evidence against it. Not tested for cross-border drift."
MG,MGM Grand Air Inc.,1992,1996,US,us_by_construction,name_churn_stable_nation,"resolved — UNIQUE_CARRIER_NAME changes across years, but the nation 'US' is verified independently via BTS's own CARRIER_GROUP field, not inferred from route geography; a route-mix change is not evidence against it. Not tested for cross-border drift."
MG,Champion Air,1996,2008,US,us_by_construction,name_churn_stable_nation,"resolved — UNIQUE_CARRIER_NAME changes across years, but the nation 'US' is verified independently via BTS's own CARRIER_GROUP field, not inferred from route geography; a route-mix change is not evidence against it. Not tested for cross-border drift."
MQ,Simmons Airlines,1994,1995,US,us_by_construction,name_churn_stable_nation,"resolved — UNIQUE_CARRIER_NAME changes across years, but the nation 'US' is verified independently via BTS's own CARRIER_GROUP field, not inferred from route geography; a route-mix change is not evidence against it. Not tested for cross-border drift."
MQ,American Eagle Airlines Inc.,1998,2014,US,us_by_construction,name_churn_stable_nation,"resolved — UNIQUE_CARRIER_NAME changes across years, but the nation 'US' is verified independently via BTS's own CARRIER_GROUP field, not inferred from route geography; a route-mix change is not evidence against it. Not tested for cross-border drift."
MQ,Envoy Air,2014,2025,US,us_by_construction,name_churn_stable_nation,"resolved — UNIQUE_CARRIER_NAME changes across years, but the nation 'US' is verified independently via BTS's own CARRIER_GROUP field, not inferred from route geography; a route-mix change is not evidence against it. Not tested for cross-border drift."
MT,Caledonian Airways,1990,1999,,refused_suffix_collision,name_churn_no_nation_assigned,"not applicable — this code carries no assigned nation currently (match_method='refused_suffix_collision'); listed for completeness only, not tested for cross-border drift."
MT,Jmc,2000,2003,,refused_suffix_collision,name_churn_no_nation_assigned,"not applicable — this code carries no assigned nation currently (match_method='refused_suffix_collision'); listed for completeness only, not tested for cross-border drift."
MT,Thomas Cook Airlines Uk Ltd.,2003,2019,,refused_suffix_collision,name_churn_no_nation_assigned,"not applicable — this code carries no assigned nation currently (match_method='refused_suffix_collision'); listed for completeness only, not tested for cross-border drift."
N8,Murray Air,2005,2007,US,us_by_construction,name_churn_stable_nation,"resolved — UNIQUE_CARRIER_NAME changes across years, but the nation 'US' is verified independently via BTS's own CARRIER_GROUP field, not inferred from route geography; a route-mix change is not evidence against it. Not tested for cross-border drift."
N8,"National Air Cargo Group, Inc. d/b/a Murray Air",2008,2013,US,us_by_construction,name_churn_stable_nation,"resolved — UNIQUE_CARRIER_NAME changes across years, but the nation 'US' is verified independently via BTS's own CARRIER_GROUP field, not inferred from route geography; a route-mix change is not evidence against it. Not tested for cross-border drift."
N8,National Air Cargo Group Inc d/ba National Airlines,2016,2025,US,us_by_construction,name_churn_stable_nation,"resolved — UNIQUE_CARRIER_NAME changes across years, but the nation 'US' is verified independently via BTS's own CARRIER_GROUP field, not inferred from route geography; a route-mix change is not evidence against it. Not tested for cross-border drift."
OI,Paradise Airways,1995,1996,US,us_by_construction,name_churn_stable_nation,"resolved — UNIQUE_CARRIER_NAME changes across years, but the nation 'US' is verified independently via BTS's own CARRIER_GROUP field, not inferred from route geography; a route-mix change is not evidence against it. Not tested for cross-border drift."
OI,Prestige Airways,1996,1997,US,us_by_construction,name_churn_stable_nation,"resolved — UNIQUE_CARRIER_NAME changes across years, but the nation 'US' is verified independently via BTS's own CARRIER_GROUP field, not inferred from route geography; a route-mix change is not evidence against it. Not tested for cross-border drift."
OK,Czechoslovak Airlines,1990,1999,CZ,iata,name_churn_stable_nation,"resolved — UNIQUE_CARRIER_NAME changes across years but the top observed endpoint country is stable ('CZ') and the mapped nation is held fixed at 'CZ'; read as a rebrand, not a nationality flip"
OK,Czech Airlines,1999,2009,CZ,iata,name_churn_stable_nation,"resolved — UNIQUE_CARRIER_NAME changes across years but the top observed endpoint country is stable ('CZ') and the mapped nation is held fixed at 'CZ'; read as a rebrand, not a nationality flip"
PD,"Porter Airlines, Inc.",2008,2023,CA,iata,name_churn_stable_nation,"resolved — UNIQUE_CARRIER_NAME changes across years but the top observed endpoint country is stable ('CA') and the mapped nation is held fixed at 'CA'; read as a rebrand, not a nationality flip"
PD,Porter Airlines Limited (PACL),2024,2025,CA,iata,name_churn_stable_nation,"resolved — UNIQUE_CARRIER_NAME changes across years but the top observed endpoint country is stable ('CA') and the mapped nation is held fixed at 'CA'; read as a rebrand, not a nationality flip"
PEQ,Prince Edward Air,2004,2010,,unmatched,name_churn_no_nation_assigned,"not applicable — this code carries no assigned nation currently (match_method='unmatched'); listed for completeness only, not tested for cross-border drift."
PEQ,SkyLink Express Inc.,2010,2023,,unmatched,name_churn_no_nation_assigned,"not applicable — this code carries no assigned nation currently (match_method='unmatched'); listed for completeness only, not tested for cross-border drift."
PN,Pan American Airways Corp.,1999,2004,US,us_by_construction,name_churn_stable_nation,"resolved — UNIQUE_CARRIER_NAME changes across years, but the nation 'US' is verified independently via BTS's own CARRIER_GROUP field, not inferred from route geography; a route-mix change is not evidence against it. Not tested for cross-border drift."
PN,Pan American World Airways,1999,1999,US,us_by_construction,name_churn_stable_nation,"resolved — UNIQUE_CARRIER_NAME changes across years, but the nation 'US' is verified independently via BTS's own CARRIER_GROUP field, not inferred from route geography; a route-mix change is not evidence against it. Not tested for cross-border drift."
QK,Air Nova,1991,2000,CA,iata,name_churn_stable_nation,"resolved — UNIQUE_CARRIER_NAME changes across years but the top observed endpoint country is stable ('CA') and the mapped nation is held fixed at 'CA'; read as a rebrand, not a nationality flip"
QK,Air Canada Regional,2001,2010,CA,iata,name_churn_stable_nation,"resolved — UNIQUE_CARRIER_NAME changes across years but the top observed endpoint country is stable ('CA') and the mapped nation is held fixed at 'CA'; read as a rebrand, not a nationality flip"
QK,Jazz Aviation LP,2011,2025,CA,iata,name_churn_stable_nation,"resolved — UNIQUE_CARRIER_NAME changes across years but the top observed endpoint country is stable ('CA') and the mapped nation is held fixed at 'CA'; read as a rebrand, not a nationality flip"
RL,Airline Of The Americas,1992,1993,US,us_by_construction,name_churn_stable_nation,"resolved — UNIQUE_CARRIER_NAME changes across years, but the nation 'US' is verified independently via BTS's own CARRIER_GROUP field, not inferred from route geography; a route-mix change is not evidence against it. Not tested for cross-border drift."
RL,UltrAir,1993,1993,US,us_by_construction,name_churn_stable_nation,"resolved — UNIQUE_CARRIER_NAME changes across years, but the nation 'US' is verified independently via BTS's own CARRIER_GROUP field, not inferred from route geography; a route-mix change is not evidence against it. Not tested for cross-border drift."
RNQ,Airtours International Airways,1993,2002,,unmatched,name_churn_no_nation_assigned,"not applicable — this code carries no assigned nation currently (match_method='unmatched'); listed for completeness only, not tested for cross-border drift."
RNQ,Mytravel Airways,2002,2008,,unmatched,name_churn_no_nation_assigned,"not applicable — this code carries no assigned nation currently (match_method='unmatched'); listed for completeness only, not tested for cross-border drift."
SEB,Seaborne Aviation,2007,2017,US,us_by_construction,name_churn_stable_nation,"resolved — UNIQUE_CARRIER_NAME changes across years, but the nation 'US' is verified independently via BTS's own CARRIER_GROUP field, not inferred from route geography; a route-mix change is not evidence against it. Not tested for cross-border drift."
SEB,"Seaborne Virgin Islands, Inc.",2018,2021,US,us_by_construction,name_churn_stable_nation,"resolved — UNIQUE_CARRIER_NAME changes across years, but the nation 'US' is verified independently via BTS's own CARRIER_GROUP field, not inferred from route geography; a route-mix change is not evidence against it. Not tested for cross-border drift."
SFQ,Sportsflight Airways Inc.,1994,1996,US,us_by_construction,name_churn_stable_nation,"resolved — UNIQUE_CARRIER_NAME changes across years, but the nation 'US' is verified independently via BTS's own CARRIER_GROUP field, not inferred from route geography; a route-mix change is not evidence against it. Not tested for cross-border drift."
SFQ,Pacific International Airlines Inc.,1996,1996,US,us_by_construction,name_churn_stable_nation,"resolved — UNIQUE_CARRIER_NAME changes across years, but the nation 'US' is verified independently via BTS's own CARRIER_GROUP field, not inferred from route geography; a route-mix change is not evidence against it. Not tested for cross-border drift."
SS,Corsair,2010,2012,FR,iata,name_churn_stable_nation,"resolved — UNIQUE_CARRIER_NAME changes across years but the top observed endpoint country is stable ('FR') and the mapped nation is held fixed at 'FR'; read as a rebrand, not a nationality flip"
SS,Corsair International,2012,2012,FR,iata,name_churn_stable_nation,"resolved — UNIQUE_CARRIER_NAME changes across years but the top observed endpoint country is stable ('FR') and the mapped nation is held fixed at 'FR'; read as a rebrand, not a nationality flip"
SY,Sun Country Airlines,1990,2004,US,us_by_construction,name_churn_stable_nation,"resolved — UNIQUE_CARRIER_NAME changes across years, but the nation 'US' is verified independently via BTS's own CARRIER_GROUP field, not inferred from route geography; a route-mix change is not evidence against it. Not tested for cross-border drift."
SY,Sun Country Airlines d/b/a MN Airlines,2005,2025,US,us_by_construction,name_churn_stable_nation,"resolved — UNIQUE_CARRIER_NAME changes across years, but the nation 'US' is verified independently via BTS's own CARRIER_GROUP field, not inferred from route geography; a route-mix change is not evidence against it. Not tested for cross-border drift."
TB (1),Trump Shuttle,1992,1992,US,us_by_construction,name_churn_stable_nation,"resolved — UNIQUE_CARRIER_NAME changes across years, but the nation 'US' is verified independently via BTS's own CARRIER_GROUP field, not inferred from route geography; a route-mix change is not evidence against it. Not tested for cross-border drift."
TB (1),USAir Shuttle,1992,1995,US,us_by_construction,name_churn_stable_nation,"resolved — UNIQUE_CARRIER_NAME changes across years, but the nation 'US' is verified independently via BTS's own CARRIER_GROUP field, not inferred from route geography; a route-mix change is not evidence against it. Not tested for cross-border drift."
TCQ,Trans Continental Airlines,1994,2000,US,us_by_construction,name_churn_stable_nation,"resolved — UNIQUE_CARRIER_NAME changes across years, but the nation 'US' is verified independently via BTS's own CARRIER_GROUP field, not inferred from route geography; a route-mix change is not evidence against it. Not tested for cross-border drift."
TCQ,Express.Net Airlines,2001,2006,US,us_by_construction,name_churn_stable_nation,"resolved — UNIQUE_CARRIER_NAME changes across years, but the nation 'US' is verified independently via BTS's own CARRIER_GROUP field, not inferred from route geography; a route-mix change is not evidence against it. Not tested for cross-border drift."
TP,Tap-Portuguese Airlines,1990,2024,PT,iata,name_churn_stable_nation,"resolved — UNIQUE_CARRIER_NAME changes across years but the top observed endpoint country is stable ('PT') and the mapped nation is held fixed at 'PT'; read as a rebrand, not a nationality flip"
TP,TAP-TAP Air Portugal,2024,2025,PT,iata,name_churn_stable_nation,"resolved — UNIQUE_CARRIER_NAME changes across years but the top observed endpoint country is stable ('PT') and the mapped nation is held fixed at 'PT'; read as a rebrand, not a nationality flip"
TRQ,Transwede Airways Ab,1990,1996,NL,icao,name_churn_stable_nation,"resolved — UNIQUE_CARRIER_NAME changes across years but the top observed endpoint country is stable ('SE') and the mapped nation is held fixed at 'NL'; read as a rebrand, not a nationality flip"
TRQ,Blue Scandinavia Ab,1996,1997,NL,icao,name_churn_stable_nation,"resolved — UNIQUE_CARRIER_NAME changes across years but the top observed endpoint country is stable ('SE') and the mapped nation is held fixed at 'NL'; read as a rebrand, not a nationality flip"
TW,Trans World Airlines Inc.,1990,2001,US,us_by_construction,name_churn_stable_nation,"resolved — UNIQUE_CARRIER_NAME changes across years, but the nation 'US' is verified independently via BTS's own CARRIER_GROUP field, not inferred from route geography; a route-mix change is not evidence against it. Not tested for cross-border drift."
TW,Trans World Airways LLC,2001,2001,US,us_by_construction,name_churn_stable_nation,"resolved — UNIQUE_CARRIER_NAME changes across years, but the nation 'US' is verified independently via BTS's own CARRIER_GROUP field, not inferred from route geography; a route-mix change is not evidence against it. Not tested for cross-border drift."
TX,Air Guadeloupe,1991,1993,,refused_suffix_collision,name_churn_no_nation_assigned,"not applicable — this code carries no assigned nation currently (match_method='refused_suffix_collision'); listed for completeness only, not tested for cross-border drift."
TX,Soc.Nouvelle Air Guadeloupe,1998,2000,,refused_suffix_collision,name_churn_no_nation_assigned,"not applicable — this code carries no assigned nation currently (match_method='refused_suffix_collision'); listed for completeness only, not tested for cross-border drift."
TZ,American Trans Air Inc.,1990,2003,US,us_by_construction,name_churn_stable_nation,"resolved — UNIQUE_CARRIER_NAME changes across years, but the nation 'US' is verified independently via BTS's own CARRIER_GROUP field, not inferred from route geography; a route-mix change is not evidence against it. Not tested for cross-border drift."
TZ,ATA Airlines d/b/a ATA,2003,2008,US,us_by_construction,name_churn_stable_nation,"resolved — UNIQUE_CARRIER_NAME changes across years, but the nation 'US' is verified independently via BTS's own CARRIER_GROUP field, not inferred from route geography; a route-mix change is not evidence against it. Not tested for cross-border drift."
TZQ,Air 2000 Limited,1990,2003,GB,name_exact,name_churn_stable_nation,"resolved — UNIQUE_CARRIER_NAME changes across years but the top observed endpoint country is stable ('GB') and the mapped nation is held fixed at 'GB'; read as a rebrand, not a nationality flip"
TZQ,First Choice Airways,2004,2008,GB,name_exact,name_churn_stable_nation,"resolved — UNIQUE_CARRIER_NAME changes across years but the top observed endpoint country is stable ('GB') and the mapped nation is held fixed at 'GB'; read as a rebrand, not a nationality flip"
US,USAir,1990,1997,US,us_by_construction,name_churn_stable_nation,"resolved — UNIQUE_CARRIER_NAME changes across years, but the nation 'US' is verified independently via BTS's own CARRIER_GROUP field, not inferred from route geography; a route-mix change is not evidence against it. Not tested for cross-border drift."
US,US Airways Inc.,1997,2015,US,us_by_construction,name_churn_stable_nation,"resolved — UNIQUE_CARRIER_NAME changes across years, but the nation 'US' is verified independently via BTS's own CARRIER_GROUP field, not inferred from route geography; a route-mix change is not evidence against it. Not tested for cross-border drift."
VC,"Charter Air Transport, Inc.",2011,2015,US,us_by_construction,name_churn_stable_nation,"resolved — UNIQUE_CARRIER_NAME changes across years, but the nation 'US' is verified independently via BTS's own CARRIER_GROUP field, not inferred from route geography; a route-mix change is not evidence against it. Not tested for cross-border drift."
VC,Via Airlines d/b/a Charter Air Transport,2015,2016,US,us_by_construction,name_churn_stable_nation,"resolved — UNIQUE_CARRIER_NAME changes across years, but the nation 'US' is verified independently via BTS's own CARRIER_GROUP field, not inferred from route geography; a route-mix change is not evidence against it. Not tested for cross-border drift."
VH (1),Linea Aeropostal Venezolana,1991,1993,,refused_suffix_collision,name_churn_no_nation_assigned,"not applicable — this code carries no assigned nation currently (match_method='refused_suffix_collision'); listed for completeness only, not tested for cross-border drift."
VH (1),Aeropostal Alas De Venezuel,1998,2008,,refused_suffix_collision,name_churn_no_nation_assigned,"not applicable — this code carries no assigned nation currently (match_method='refused_suffix_collision'); listed for completeness only, not tested for cross-border drift."
W8,Winnport Logistics,2000,2001,CA,iata,name_churn_stable_nation,"resolved — UNIQUE_CARRIER_NAME changes across years but the top observed endpoint country is stable ('CA') and the mapped nation is held fixed at 'CA'; read as a rebrand, not a nationality flip"
W8,Cargojet Airways Ltd.,2004,2025,CA,iata,name_churn_stable_nation,"resolved — UNIQUE_CARRIER_NAME changes across years but the top observed endpoint country is stable ('CA') and the mapped nation is held fixed at 'CA'; read as a rebrand, not a nationality flip"
WE,Challenge Air Cargo Inc.,1990,2001,US,us_by_construction,name_churn_stable_nation,"resolved — UNIQUE_CARRIER_NAME changes across years, but the nation 'US' is verified independently via BTS's own CARRIER_GROUP field, not inferred from route geography; a route-mix change is not evidence against it. Not tested for cross-border drift."
WE,Centurion Cargo Inc.,2002,2016,US,us_by_construction,name_churn_stable_nation,"resolved — UNIQUE_CARRIER_NAME changes across years, but the nation 'US' is verified independently via BTS's own CARRIER_GROUP field, not inferred from route geography; a route-mix change is not evidence against it. Not tested for cross-border drift."
WI,Tradewinds Airlines,1998,2011,US,us_by_construction,name_churn_stable_nation,"resolved — UNIQUE_CARRIER_NAME changes across years, but the nation 'US' is verified independently via BTS's own CARRIER_GROUP field, not inferred from route geography; a route-mix change is not evidence against it. Not tested for cross-border drift."
WI,Sky Lease Cargo,2012,2025,US,us_by_construction,name_churn_stable_nation,"resolved — UNIQUE_CARRIER_NAME changes across years, but the nation 'US' is verified independently via BTS's own CARRIER_GROUP field, not inferred from route geography; a route-mix change is not evidence against it. Not tested for cross-border drift."
WL,Caribbean Sun Airlines,2003,2006,US,us_by_construction,name_churn_stable_nation,"resolved — UNIQUE_CARRIER_NAME changes across years, but the nation 'US' is verified independently via BTS's own CARRIER_GROUP field, not inferred from route geography; a route-mix change is not evidence against it. Not tested for cross-border drift."
WL,"Caribbean Sun Airlines, Inc. d/b/a World Atlantic Airlines",2010,2025,US,us_by_construction,name_churn_stable_nation,"resolved — UNIQUE_CARRIER_NAME changes across years, but the nation 'US' is verified independently via BTS's own CARRIER_GROUP field, not inferred from route geography; a route-mix change is not evidence against it. Not tested for cross-border drift."
X7,ACE Belgium Freighters S.A.,2019,2020,,unmatched,name_churn_no_nation_assigned,"not applicable — this code carries no assigned nation currently (match_method='unmatched'); listed for completeness only, not tested for cross-border drift."
X7,Challenge Airlines (BE) S.A.,2020,2025,,unmatched,name_churn_no_nation_assigned,"not applicable — this code carries no assigned nation currently (match_method='unmatched'); listed for completeness only, not tested for cross-border drift."
X9,Omni Air Express,1999,2016,US,us_by_construction,name_churn_stable_nation,"resolved — UNIQUE_CARRIER_NAME changes across years, but the nation 'US' is verified independently via BTS's own CARRIER_GROUP field, not inferred from route geography; a route-mix change is not evidence against it. Not tested for cross-border drift."
X9,Omni Air International LLC,2016,2025,US,us_by_construction,name_churn_stable_nation,"resolved — UNIQUE_CARRIER_NAME changes across years, but the nation 'US' is verified independently via BTS's own CARRIER_GROUP field, not inferred from route geography; a route-mix change is not evidence against it. Not tested for cross-border drift."
XE,Delux Public Charter LLC,2021,2023,US,us_by_construction,name_churn_stable_nation,"resolved — UNIQUE_CARRIER_NAME changes across years, but the nation 'US' is verified independently via BTS's own CARRIER_GROUP field, not inferred from route geography; a route-mix change is not evidence against it. Not tested for cross-border drift."
XE,Delux Public Charters d/b/a JSX,2024,2025,US,us_by_construction,name_churn_stable_nation,"resolved — UNIQUE_CARRIER_NAME changes across years, but the nation 'US' is verified independently via BTS's own CARRIER_GROUP field, not inferred from route geography; a route-mix change is not evidence against it. Not tested for cross-border drift."
XP,Casino Express,1996,2014,US,us_by_construction,name_churn_stable_nation,"resolved — UNIQUE_CARRIER_NAME changes across years, but the nation 'US' is verified independently via BTS's own CARRIER_GROUP field, not inferred from route geography; a route-mix change is not evidence against it. Not tested for cross-border drift."
XP,XTRA Airways,2015,2020,US,us_by_construction,name_churn_stable_nation,"resolved — UNIQUE_CARRIER_NAME changes across years, but the nation 'US' is verified independently via BTS's own CARRIER_GROUP field, not inferred from route geography; a route-mix change is not evidence against it. Not tested for cross-border drift."
XP,TEM Enterprises dba  Avelo Airlines,2022,2025,US,us_by_construction,name_churn_stable_nation,"resolved — UNIQUE_CARRIER_NAME changes across years, but the nation 'US' is verified independently via BTS's own CARRIER_GROUP field, not inferred from route geography; a route-mix change is not evidence against it. Not tested for cross-border drift."
YX,Republic Airlines,2007,2016,US,us_by_construction,name_churn_stable_nation,"resolved — UNIQUE_CARRIER_NAME changes across years, but the nation 'US' is verified independently via BTS's own CARRIER_GROUP field, not inferred from route geography; a route-mix change is not evidence against it. Not tested for cross-border drift."
YX,Republic Airline,2017,2025,US,us_by_construction,name_churn_stable_nation,"resolved — UNIQUE_CARRIER_NAME changes across years, but the nation 'US' is verified independently via BTS's own CARRIER_GROUP field, not inferred from route geography; a route-mix change is not evidence against it. Not tested for cross-border drift."
YX (1),Midwest Express Airlines,1995,2003,US,us_by_construction,name_churn_stable_nation,"resolved — UNIQUE_CARRIER_NAME changes across years, but the nation 'US' is verified independently via BTS's own CARRIER_GROUP field, not inferred from route geography; a route-mix change is not evidence against it. Not tested for cross-border drift."
YX (1),"Midwest Airline, Inc.",2003,2008,US,us_by_construction,name_churn_stable_nation,"resolved — UNIQUE_CARRIER_NAME changes across years, but the nation 'US' is verified independently via BTS's own CARRIER_GROUP field, not inferred from route geography; a route-mix change is not evidence against it. Not tested for cross-border drift."
ZW,Air Wisconsin Inc.,1991,1993,US,us_by_construction,name_churn_stable_nation,"resolved — UNIQUE_CARRIER_NAME changes across years, but the nation 'US' is verified independently via BTS's own CARRIER_GROUP field, not inferred from route geography; a route-mix change is not evidence against it. Not tested for cross-border drift."
ZW,Air Wisconsin Airlines Corp,2000,2024,US,us_by_construction,name_churn_stable_nation,"resolved — UNIQUE_CARRIER_NAME changes across years, but the nation 'US' is verified independently via BTS's own CARRIER_GROUP field, not inferred from route geography; a route-mix change is not evidence against it. Not tested for cross-border drift."
TR,Scoot Tigerair Pte Ltd d/b/a Scoot,2017,2019,,refused_suffix_collision,suffix_collision_refused,"unresolved — reissue-suffix family sharing base code 'TR' would map two or more distinct BTS entities with differing UNIQUE_CARRIER_NAME to the same nation 'SG' under a dateless OpenFlights lookup; refused rather than guessed. Other sibling(s): TR (1) (Transbrasil S.A.). Candidate code reissue across nationalities, needs human review to split by date."
TR (1),Transbrasil S.A.,1990,2001,,refused_suffix_collision,suffix_collision_refused,"unresolved — reissue-suffix family sharing base code 'TR' would map two or more distinct BTS entities with differing UNIQUE_CARRIER_NAME to the same nation 'SG' under a dateless OpenFlights lookup; refused rather than guessed. Other sibling(s): TR (Scoot Tigerair Pte Ltd d/b/a Scoot). Candidate code reissue across nationalities, needs human review to split by date."
TX,Soc.Nouvelle Air Guadeloupe,1991,2000,,refused_suffix_collision,suffix_collision_refused,"unresolved — reissue-suffix family sharing base code 'TX' would map two or more distinct BTS entities with differing UNIQUE_CARRIER_NAME to the same nation 'FR' under a dateless OpenFlights lookup; refused rather than guessed. Other sibling(s): TX (1) (Transportes Aereos Nacional). Candidate code reissue across nationalities, needs human review to split by date."
TX (1),Transportes Aereos Nacional,1990,1991,,refused_suffix_collision,suffix_collision_refused,"unresolved — reissue-suffix family sharing base code 'TX' would map two or more distinct BTS entities with differing UNIQUE_CARRIER_NAME to the same nation 'FR' under a dateless OpenFlights lookup; refused rather than guessed. Other sibling(s): TX (Soc.Nouvelle Air Guadeloupe). Candidate code reissue across nationalities, needs human review to split by date."
LC,Varig Logistica S/A,2005,2008,,refused_suffix_collision,suffix_collision_refused,"unresolved — reissue-suffix family sharing base code 'LC' would map two or more distinct BTS entities with differing UNIQUE_CARRIER_NAME to the same nation 'BR' under a dateless OpenFlights lookup; refused rather than guessed. Other sibling(s): LC (1) (Lineas Aereas Del Caribe). Candidate code reissue across nationalities, needs human review to split by date."
LC (1),Lineas Aereas Del Caribe,1990,1996,,refused_suffix_collision,suffix_collision_refused,"unresolved — reissue-suffix family sharing base code 'LC' would map two or more distinct BTS entities with differing UNIQUE_CARRIER_NAME to the same nation 'BR' under a dateless OpenFlights lookup; refused rather than guessed. Other sibling(s): LC (Varig Logistica S/A). Candidate code reissue across nationalities, needs human review to split by date."
VH,Fast Colombia SAS d/b/a Viva Colombia,2015,2023,,refused_suffix_collision,suffix_collision_refused,"unresolved — reissue-suffix family sharing base code 'VH' would map two or more distinct BTS entities with differing UNIQUE_CARRIER_NAME to the same nation 'FJ' under a dateless OpenFlights lookup; refused rather than guessed. Other sibling(s): VH (1) (Aeropostal Alas De Venezuel). Candidate code reissue across nationalities, needs human review to split by date."
VH (1),Aeropostal Alas De Venezuel,1991,2008,,refused_suffix_collision,suffix_collision_refused,"unresolved — reissue-suffix family sharing base code 'VH' would map two or more distinct BTS entities with differing UNIQUE_CARRIER_NAME to the same nation 'FJ' under a dateless OpenFlights lookup; refused rather than guessed. Other sibling(s): VH (Fast Colombia SAS d/b/a Viva Colombia). Candidate code reissue across nationalities, needs human review to split by date."
2T,BermudAir,2025,2025,,refused_suffix_collision,suffix_collision_refused,"unresolved — reissue-suffix family sharing base code '2T' would map two or more distinct BTS entities with differing UNIQUE_CARRIER_NAME to the same nation 'HT' under a dateless OpenFlights lookup; refused rather than guessed. Other sibling(s): 2T (1) (Canada 3000 Airlines Ltd.). Candidate code reissue across nationalities, needs human review to split by date."
2T (1),Canada 3000 Airlines Ltd.,1990,2001,,refused_suffix_collision,suffix_collision_refused,"unresolved — reissue-suffix family sharing base code '2T' would map two or more distinct BTS entities with differing UNIQUE_CARRIER_NAME to the same nation 'HT' under a dateless OpenFlights lookup; refused rather than guessed. Other sibling(s): 2T (BermudAir). Candidate code reissue across nationalities, needs human review to split by date."
GU,"Aviateca, S.A.",2018,2024,,refused_suffix_collision,suffix_collision_refused,"unresolved — reissue-suffix family sharing base code 'GU' would map two or more distinct BTS entities with differing UNIQUE_CARRIER_NAME to the same nation 'IT' under a dateless OpenFlights lookup; refused rather than guessed. Other sibling(s): GU (1) (Aviateca). Candidate code reissue across nationalities, needs human review to split by date."
GU (1),Aviateca,1990,2000,,refused_suffix_collision,suffix_collision_refused,"unresolved — reissue-suffix family sharing base code 'GU' would map two or more distinct BTS entities with differing UNIQUE_CARRIER_NAME to the same nation 'IT' under a dateless OpenFlights lookup; refused rather than guessed. Other sibling(s): GU (Aviateca, S.A.). Candidate code reissue across nationalities, needs human review to split by date."
4M,LAN Argentina,2006,2020,,refused_suffix_collision,suffix_collision_refused,"unresolved — reissue-suffix family sharing base code '4M' would map two or more distinct BTS entities with differing UNIQUE_CARRIER_NAME to the same nation 'AR' under a dateless OpenFlights lookup; refused rather than guessed. Other sibling(s): 4M (1) (Lan Dominica). Candidate code reissue across nationalities, needs human review to split by date."
4M (1),Lan Dominica,2003,2004,,refused_suffix_collision,suffix_collision_refused,"unresolved — reissue-suffix family sharing base code '4M' would map two or more distinct BTS entities with differing UNIQUE_CARRIER_NAME to the same nation 'AR' under a dateless OpenFlights lookup; refused rather than guessed. Other sibling(s): 4M (LAN Argentina). Candidate code reissue across nationalities, needs human review to split by date."
5G,"Skyservice Airlines, Inc.",2007,2010,,refused_suffix_collision,suffix_collision_refused,"unresolved — reissue-suffix family sharing base code '5G' would map two or more distinct BTS entities with differing UNIQUE_CARRIER_NAME to the same nation 'CA' under a dateless OpenFlights lookup; refused rather than guessed. Other sibling(s): 5G (1) (Queen Air). Candidate code reissue across nationalities, needs human review to split by date."
5G (1),Queen Air,1998,1999,,refused_suffix_collision,suffix_collision_refused,"unresolved — reissue-suffix family sharing base code '5G' would map two or more distinct BTS entities with differing UNIQUE_CARRIER_NAME to the same nation 'CA' under a dateless OpenFlights lookup; refused rather than guessed. Other sibling(s): 5G (Skyservice Airlines, Inc.). Candidate code reissue across nationalities, needs human review to split by date."
MT,Thomas Cook Airlines Uk Ltd.,1990,2019,,refused_suffix_collision,suffix_collision_refused,"unresolved — reissue-suffix family sharing base code 'MT' would map two or more distinct BTS entities with differing UNIQUE_CARRIER_NAME to the same nation 'GB' under a dateless OpenFlights lookup; refused rather than guessed. Other sibling(s): MT (1) (Flying Colours Airlines Ltd.). Candidate code reissue across nationalities, needs human review to split by date."
MT (1),Flying Colours Airlines Ltd.,1997,1997,,refused_suffix_collision,suffix_collision_refused,"unresolved — reissue-suffix family sharing base code 'MT' would map two or more distinct BTS entities with differing UNIQUE_CARRIER_NAME to the same nation 'GB' under a dateless OpenFlights lookup; refused rather than guessed. Other sibling(s): MT (Thomas Cook Airlines Uk Ltd.). Candidate code reissue across nationalities, needs human review to split by date."
SN,Brussels Airlines N.V.,2012,2025,,refused_suffix_collision,suffix_collision_refused,"unresolved — reissue-suffix family sharing base code 'SN' would map two or more distinct BTS entities with differing UNIQUE_CARRIER_NAME to the same nation 'BE' under a dateless OpenFlights lookup; refused rather than guessed. Other sibling(s): SN (1) (Sabena Belgian World Air.). Candidate code reissue across nationalities, needs human review to split by date."
SN (1),Sabena Belgian World Air.,1990,2001,,refused_suffix_collision,suffix_collision_refused,"unresolved — reissue-suffix family sharing base code 'SN' would map two or more distinct BTS entities with differing UNIQUE_CARRIER_NAME to the same nation 'BE' under a dateless OpenFlights lookup; refused rather than guessed. Other sibling(s): SN (Brussels Airlines N.V.). Candidate code reissue across nationalities, needs human review to split by date."
JD,Beijing Capital Airlines,2017,2020,,refused_suffix_collision,suffix_collision_refused,"unresolved — reissue-suffix family sharing base code 'JD' would map two or more distinct BTS entities with differing UNIQUE_CARRIER_NAME to the same nation 'JP' under a dateless OpenFlights lookup; refused rather than guessed. Other sibling(s): JD (1) (Japan Air System Co. Ltd.). Candidate code reissue across nationalities, needs human review to split by date."
JD (1),Japan Air System Co. Ltd.,1990,1997,,refused_suffix_collision,suffix_collision_refused,"unresolved — reissue-suffix family sharing base code 'JD' would map two or more distinct BTS entities with differing UNIQUE_CARRIER_NAME to the same nation 'JP' under a dateless OpenFlights lookup; refused rather than guessed. Other sibling(s): JD (Beijing Capital Airlines). Candidate code reissue across nationalities, needs human review to split by date."
