year,carrier_group,is_us_carrier_group,n_rows,n_dep_gt0,n_air_gt0,n_air_zero,n_air_null,n_ramp_gt0,n_ramp_zero,n_ramp_null,n_depsched_gt0,n_mail_gt0,n_seats_gt0,n_pax_gt0,n_dist_gt0,departures
1990,0,False,27540,27540,0,27540,0,0,27540,0,0,0,22437,22430,27540,313898.0
1990,1,True,4520,4517,4518,2,0,4518,2,0,1657,122,1959,1832,4520,19272.0
1990,2,True,3117,3115,3116,1,0,3116,1,0,1127,196,2727,2540,3117,32761.0
1990,3,True,15983,15912,15912,71,0,15912,71,0,14017,9816,14838,14733,15983,320936.0
1991,0,False,27391,27391,0,27391,0,0,27391,0,0,0,21987,21964,27391,316261.0
1991,1,True,3947,3947,3947,0,0,3947,0,0,1349,127,1544,1453,3947,18163.0
1991,2,True,3336,3335,3336,0,0,3336,0,0,1222,224,2911,2718,3336,36310.0
1991,3,True,16947,16850,16850,97,0,16850,97,0,15223,10384,15762,15642,16947,333786.0
1992,0,False,29750,29750,0,29750,0,0,29750,0,0,0,24106,24073,29750,336022.0
1992,1,True,5280,5278,5278,2,0,5280,0,0,1192,325,2011,1814,5279,24242.0
1992,2,True,4722,4717,4717,5,0,4717,5,0,1668,254,3935,3646,4721,60808.0
1992,3,True,16656,16573,16573,83,0,16573,83,0,14971,10496,15487,15402,16656,366352.0
1993,0,False,27128,27128,0,27128,0,0,27128,0,0,0,22266,22241,27128,343022.0
1993,1,True,6737,6732,6735,2,0,6735,2,0,1430,388,2958,2627,6737,28220.0
1993,2,True,5616,5594,5594,22,0,5594,22,0,2210,468,4630,4379,5616,71678.0
1993,3,True,15688,15621,15621,67,0,15621,67,0,14196,10153,14644,14554,15688,380803.0
1994,0,False,27208,27208,0,27208,0,0,27208,0,0,0,22297,22268,27208,359506.0
1994,1,True,7884,7883,7878,6,0,7878,6,0,1306,355,3507,2964,7884,29923.0
1994,2,True,6498,6494,6494,4,0,6494,4,0,2762,556,4992,4796,6497,86608.0
1994,3,True,15351,15300,15300,51,0,15300,51,0,13825,9536,14203,14126,15351,372349.0
1995,0,False,27150,27150,0,27150,0,0,27150,0,0,0,22045,22001,27150,394660.0
1995,1,True,8583,8583,8582,1,0,8582,1,0,1461,385,3831,3233,8582,30915.0
1995,2,True,7020,7015,7016,4,0,7016,4,0,2999,583,5377,5114,7015,97441.0
1995,3,True,15939,15906,15906,33,0,15906,33,0,14343,9419,14426,14336,15939,390906.0
1996,0,False,27898,27898,0,27898,0,0,27898,0,0,0,22632,22604,27898,415992.0
1996,1,True,8726,8723,8720,6,0,8720,6,0,1322,502,3763,3347,8717,37608.0
1996,2,True,6872,6860,6860,12,0,6860,12,0,2895,594,5193,4896,6872,83726.0
1996,3,True,16589,16555,16555,34,0,16555,34,0,14739,9106,14893,14773,16589,406492.0
1997,0,False,28806,28806,0,28806,0,0,28806,0,0,0,23966,23949,28806,443842.0
1997,1,True,10464,10463,10458,6,0,10458,6,0,1891,682,4516,3933,10462,47817.0
1997,2,True,5957,5949,5949,8,0,5949,8,0,2629,491,4150,3925,5957,78934.0
1997,3,True,16718,16682,16682,36,0,16682,36,0,14960,8871,14653,14581,16717,413773.0
1998,0,False,29704,29704,0,29704,0,0,29704,0,0,0,24943,24935,29704,472078.0
1998,1,True,10933,10932,10932,1,0,10932,1,0,1750,589,5350,4608,10931,56430.0
1998,2,True,5441,5432,5432,9,0,5432,9,0,2865,498,3683,3460,5441,108870.0
1998,3,True,17689,17642,17642,47,0,17642,47,0,15843,8639,15393,15346,17689,446038.0
1999,0,False,28886,28886,0,28886,0,0,28886,0,0,0,23950,23944,28886,488333.0
1999,1,True,9488,9480,9483,5,0,9483,5,0,1473,593,4343,3592,9481,37912.0
1999,2,True,7224,7213,7214,10,0,7214,10,0,3068,516,4933,4591,7220,139636.0
1999,3,True,18404,18362,18362,42,0,18362,42,0,16466,8588,16125,16055,18404,450974.0
2000,0,False,28001,28001,0,28001,0,0,28001,0,0,0,23294,23288,28001,502082.0
2000,1,True,7823,7818,7821,2,0,7821,2,0,951,390,5336,4659,7823,27322.0
2000,2,True,9738,9726,9728,10,0,9728,10,0,3588,469,4077,3966,9737,147824.0
2000,3,True,21776,21740,21740,36,0,21740,36,0,18371,8348,18695,18483,21776,521754.0
2001,0,False,26247,26247,0,26247,0,0,26247,0,0,0,21815,21790,26247,492624.0
2001,1,True,7035,7026,7034,1,0,7035,0,0,937,280,4966,4434,7035,15718.0
2001,2,True,9734,9718,9722,12,0,9722,12,0,4322,414,4871,4696,9734,154971.0
2001,3,True,22634,22564,22567,67,0,22567,67,0,19864,8235,18935,18768,22634,528684.0
2002,0,False,24520,24520,0,24520,0,0,24520,0,0,0,19938,19927,24520,485534.0
2002,1,True,8674,8664,8667,7,0,8667,7,0,1417,403,6753,6116,8456,46030.0
2002,2,True,9395,9366,9366,29,0,9366,29,0,4378,821,4410,4304,9395,156509.0
2002,3,True,21059,21028,21031,28,0,21031,28,0,18678,6986,17503,17395,21059,495930.0
2002,7,True,38,38,38,0,0,38,0,0,8,0,0,0,38,292.0
2003,0,False,25464,25464,0,25464,0,0,25464,0,0,0,20826,20801,25464,516730.0
2003,1,True,9483,9471,9463,20,0,9471,12,0,3646,669,6122,5827,9483,128860.0
2003,2,True,8509,8482,8482,27,0,8482,27,0,4879,445,5994,5877,8509,205153.0
2003,3,True,21341,21317,21315,26,0,21315,26,0,19536,6675,17974,17881,21341,461298.0
2003,7,True,138,138,138,0,0,138,0,0,26,0,0,0,138,1093.0
2004,0,False,26832,26832,0,26832,0,0,26832,0,0,0,22307,22279,26832,549182.0
2004,1,True,9952,9950,9928,24,0,9948,4,0,2673,396,6147,5783,9952,110892.0
2004,2,True,9664,9664,9664,0,0,9664,0,0,4269,542,6240,6053,9664,204165.0
2004,3,True,24119,24119,24119,0,0,24119,0,0,22068,6816,20686,20593,24119,540356.0
2004,7,True,206,206,206,0,0,206,0,0,33,0,0,0,206,1494.0
2005,0,False,27314,27314,0,27314,0,0,27314,0,0,0,22618,22584,27314,545786.0
2005,1,True,8089,8089,8022,67,0,8023,66,0,2584,340,4370,4083,8089,104210.0
2005,2,True,10047,10045,10041,6,0,10041,6,0,4502,548,7002,6762,10047,192842.0
2005,3,True,26480,26479,26478,2,0,26478,2,0,24256,6804,23031,22962,26480,607879.0
2006,0,False,28707,28707,0,28707,0,0,28707,0,0,0,24047,24012,28707,556395.0
2006,1,True,6301,6301,6300,1,0,6301,0,0,2515,222,3251,3107,6301,95803.0
2006,2,True,10611,10610,10597,14,0,10611,0,0,4466,577,6972,6573,10611,167827.0
2006,3,True,29046,29046,29046,0,0,29046,0,0,26284,6782,25425,25345,29046,660222.0
2007,0,False,28807,28807,0,28807,0,0,28807,0,0,0,24002,23969,28807,569161.0
2007,1,True,5829,5828,5822,7,0,5829,0,0,2050,62,3575,3361,5829,90134.0
2007,2,True,12303,12303,12301,2,0,12303,0,0,4219,728,6595,5816,12303,161382.0
2007,3,True,30988,30988,30988,0,0,30988,0,0,28196,6856,27303,27173,30988,696085.0
2008,0,False,27956,27956,0,27956,0,0,27956,0,0,0,23711,23599,27956,572745.0
2008,1,True,5127,5125,5123,4,0,5125,2,0,2016,55,3878,3623,5127,84673.0
2008,2,True,9044,9044,9044,0,0,9044,0,0,3922,704,5292,4694,9044,137801.0
2008,3,True,32399,32394,32394,5,0,32394,5,0,28766,7152,27720,27629,32399,703662.0
2009,0,False,27009,27009,0,27009,0,0,27009,0,0,0,23139,23101,27009,538574.0
2009,1,True,3621,3621,3621,0,0,3621,0,0,1206,63,2455,2229,3621,54257.0
2009,2,True,8525,8521,8521,4,0,8521,4,0,3909,664,5058,4585,8525,140998.0
2009,3,True,31024,30980,30979,45,0,30980,44,0,27677,7649,26504,26412,31024,667717.0
2010,0,False,28667,28667,0,28667,0,0,28667,0,0,0,24343,24276,28667,558518.0
2010,1,True,5592,5592,5592,0,0,5592,0,0,1098,70,2692,2426,5592,48109.0
2010,2,True,9058,9057,9057,1,0,9057,1,0,5688,934,6643,6239,9058,200807.0
2010,3,True,30839,30832,30832,7,0,30832,7,0,27189,8144,26196,26138,30839,644598.0
2011,0,False,29170,29170,0,29170,0,0,29170,0,0,0,24732,24559,29170,568839.0
2011,1,True,5261,5261,5259,2,0,5261,0,0,1171,68,2881,2656,5261,48943.0
2011,2,True,10292,10292,10227,65,0,10292,0,0,6042,524,7019,6612,10292,203433.0
2011,3,True,30961,30961,30961,0,0,30961,0,0,27731,8562,26808,26719,30961,654763.0
2012,0,False,29167,29167,0,29167,0,0,29167,0,0,0,24918,24745,29167,589284.0
2012,1,True,4837,4824,4815,22,0,4824,13,0,1098,61,2742,2591,4837,43715.0
2012,2,True,9840,9835,9743,97,0,9835,5,0,5830,273,6823,6395,9840,217858.0
2012,3,True,30906,30884,30884,22,0,30884,22,0,27231,8261,26613,26510,30906,658235.0
2013,0,False,29504,29504,0,29504,0,0,29504,0,0,0,25308,25164,29504,613749.0
2013,1,True,4034,4025,4025,9,0,4025,9,0,732,59,2437,2327,4034,43787.0
2013,2,True,5853,5848,5765,88,0,5848,5,0,2977,122,3255,2930,5853,102927.0
2013,3,True,35481,35235,35235,246,0,35235,246,0,31015,8272,30830,30634,35481,773944.0
2014,0,False,29632,29632,0,29632,0,0,29632,0,0,0,25315,25157,29632,639565.0
2014,1,True,5043,5039,5020,23,0,5039,4,0,1451,52,3317,3065,5043,51703.0
2014,2,True,5838,5825,5825,13,0,5825,13,0,3088,149,3410,3124,5838,100479.0
2014,3,True,38203,37387,37387,816,0,37387,816,0,33027,8407,32865,32645,38203,789350.0
2015,0,False,32622,32622,0,32622,0,0,32622,0,0,0,27973,27795,32622,689056.0
2015,1,True,5276,5270,5259,17,0,5270,6,0,1350,76,3620,3166,5276,55782.0
2015,2,True,6310,6307,6307,3,0,6307,3,0,3784,295,3730,3465,6310,109825.0
2015,3,True,39854,38651,38651,1203,0,38651,1203,0,34685,8401,34127,33973,39854,768490.0
2016,0,False,35857,35857,0,35857,0,0,35857,0,0,0,31017,30800,35857,743732.0
2016,1,True,6288,6284,6284,4,0,6284,4,0,1451,69,4598,3756,6288,63945.0
2016,2,True,6439,6433,6435,4,0,6435,4,0,4597,321,3775,3589,6439,116300.0
2016,3,True,39616,38973,38973,643,0,38973,643,0,35241,7792,34552,34285,39616,755281.0
2017,0,False,39039,39039,0,39039,0,0,39039,0,0,0,34004,33787,39039,789665.0
2017,1,True,6746,6732,6698,48,0,6732,14,0,1422,109,4984,4145,6746,56567.0
2017,2,True,6354,6346,6354,0,0,6354,0,0,4452,290,3448,3277,6354,103689.0
2017,3,True,38632,38521,38520,112,0,38521,111,0,35216,7528,33941,33661,38632,776458.0
2018,0,False,42709,42709,0,42709,0,0,42709,0,0,0,37425,37154,42709,831517.0
2018,1,True,7000,6999,6999,1,0,6999,1,0,1464,74,5257,4280,7000,66575.0
2018,2,True,6015,6009,6015,0,0,6015,0,0,3792,374,3233,3069,6015,104537.0
2018,3,True,38176,38160,38158,18,0,38160,16,0,34824,7630,33444,33226,38176,781596.0
2019,0,False,41958,41958,0,41958,0,0,41958,0,0,0,37278,37073,41958,849483.0
2019,1,True,4826,4820,4820,6,0,4820,6,0,1368,71,3930,3226,4826,61280.0
2019,2,True,6127,6114,6125,2,0,6125,2,0,3493,261,3383,3094,6127,113528.0
2019,3,True,39460,39379,39379,81,0,39379,81,0,35833,7345,34717,34461,39460,783112.0
2020,0,False,24001,24001,0,24001,0,0,24001,0,0,0,17614,17018,24001,316436.0
2020,1,True,3404,3349,3349,55,0,3349,55,0,912,76,2293,2014,3404,28079.0
2020,2,True,5316,5313,5314,2,0,5314,2,0,2120,232,2830,2520,5316,49662.0
2020,3,True,24747,24472,24472,275,0,24472,275,0,20174,4247,17439,17308,24747,378515.0
2021,0,False,29816,29816,0,29816,0,0,29816,0,0,0,21606,21000,29816,386992.0
2021,1,True,5196,5133,5133,63,0,5133,63,0,885,92,4058,3264,5196,32379.0
2021,2,True,5422,5418,5422,0,0,5422,0,0,2015,200,2624,2358,5422,46024.0
2021,3,True,35172,35073,35072,100,0,35073,99,0,30511,5310,28296,28157,35172,591792.0
2022,0,False,42821,42821,0,42821,0,0,42821,0,0,0,35887,35291,42821,630867.0
2022,1,True,5640,5604,5603,37,0,5604,36,0,924,100,4646,3806,5640,40757.0
2022,2,True,6805,6800,6803,2,0,6803,2,0,2409,206,3752,3201,6805,66417.0
2022,3,True,42009,41936,41936,73,0,41936,73,0,37406,5938,36185,35985,42009,757512.0
2023,0,False,45933,45933,0,45933,0,0,45933,0,0,0,39615,39158,45933,733811.0
2023,1,True,4595,4581,4580,15,0,4581,14,0,1066,84,3673,3324,4595,45830.0
2023,2,True,6625,6614,6615,10,0,6615,10,0,2302,211,4553,3912,6625,67900.0
2023,3,True,44980,44905,44905,75,0,44905,75,0,39334,6696,38731,38378,44980,841662.0
2024,0,False,49932,49932,0,49932,0,0,49932,0,0,0,43803,43346,49932,797560.0
2024,1,True,3707,3692,3692,15,0,3692,15,0,627,90,3020,2704,3707,40881.0
2024,2,True,5720,5720,5720,0,0,5720,0,0,2312,267,3630,3333,5720,66996.0
2024,3,True,49442,49401,49401,41,0,49401,41,0,42853,7079,43108,42563,49442,912976.0
2025,0,False,50399,50399,0,50399,0,0,50399,0,0,0,45448,45023,50399,793320.0
2025,1,True,4402,4371,4369,33,0,4371,31,0,631,84,3304,3063,4402,49157.0
2025,2,True,5240,5233,5233,7,0,5234,6,0,2183,236,3224,2960,5240,62358.0
2025,3,True,52265,52201,52201,64,0,52201,64,0,45004,7315,45810,45110,52265,921178.0
