outcome,formula,sample,decade,n_obs,p1,p5,p50,p95,p99,mean,sd
excess_min,"airborne_min_mean(cell) - baseline_med(cell). baseline_med = median of airborne_min_mean for the SAME (origin, dest, nation) directed route in the SAME calendar month, at year-1/year-2/year-3 (trailing 3 years = trailing 36 months), among cells passing cell_ok (FIX-04 G6 nation-year coverage >= 0.50 AND departures_performed >= 4) with an implied speed (distance / airborne hours) >= 50 mph, or distance == 0 (exempt from the speed test); a candidate month inside the COVID window 2020-03..2021-12 is never counted; requires >= 2 surviving candidates, else NaN (G8).",US carriers' airborne time on US-touching international segments,1990,57648,-23.966272442291245,-13.566666666666663,-0.09814450413682607,12.586142009640325,24.532369465070104,-0.10911895578463132,11.508132021806587
excess_min,"airborne_min_mean(cell) - baseline_med(cell). baseline_med = median of airborne_min_mean for the SAME (origin, dest, nation) directed route in the SAME calendar month, at year-1/year-2/year-3 (trailing 3 years = trailing 36 months), among cells passing cell_ok (FIX-04 G6 nation-year coverage >= 0.50 AND departures_performed >= 4) with an implied speed (distance / airborne hours) >= 50 mph, or distance == 0 (exempt from the speed test); a candidate month inside the COVID window 2020-03..2021-12 is never counted; requires >= 2 surviving candidates, else NaN (G8).",US carriers' airborne time on US-touching international segments,2000,118167,-19.290322580645142,-10.06633879781417,0.44444444444444287,12.23495726495725,22.16129032258067,0.8306947445391409,9.858793206521726
excess_min,"airborne_min_mean(cell) - baseline_med(cell). baseline_med = median of airborne_min_mean for the SAME (origin, dest, nation) directed route in the SAME calendar month, at year-1/year-2/year-3 (trailing 3 years = trailing 36 months), among cells passing cell_ok (FIX-04 G6 nation-year coverage >= 0.50 AND departures_performed >= 4) with an implied speed (distance / airborne hours) >= 50 mph, or distance == 0 (exempt from the speed test); a candidate month inside the COVID window 2020-03..2021-12 is never counted; requires >= 2 surviving candidates, else NaN (G8).",US carriers' airborne time on US-touching international segments,2010,159687,-21.44467605331464,-11.566666666666663,-0.2641472868216965,10.064447004608251,20.14636125276279,-0.41330112383389656,7.499260322669777
excess_min,"airborne_min_mean(cell) - baseline_med(cell). baseline_med = median of airborne_min_mean for the SAME (origin, dest, nation) directed route in the SAME calendar month, at year-1/year-2/year-3 (trailing 3 years = trailing 36 months), among cells passing cell_ok (FIX-04 G6 nation-year coverage >= 0.50 AND departures_performed >= 4) with an implied speed (distance / airborne hours) >= 50 mph, or distance == 0 (exempt from the speed test); a candidate month inside the COVID window 2020-03..2021-12 is never counted; requires >= 2 surviving candidates, else NaN (G8).",US carriers' airborne time on US-touching international segments,2020,57646,-20.908910759548046,-10.342108294930895,0.06252240143369647,9.563945538439405,18.327424395161305,-0.061045370024679815,6.707667295444389
excess_min,"airborne_min_mean(cell) - baseline_med(cell). baseline_med = median of airborne_min_mean for the SAME (origin, dest, nation) directed route in the SAME calendar month, at year-1/year-2/year-3 (trailing 3 years = trailing 36 months), among cells passing cell_ok (FIX-04 G6 nation-year coverage >= 0.50 AND departures_performed >= 4) with an implied speed (distance / airborne hours) >= 50 mph, or distance == 0 (exempt from the speed test); a candidate month inside the COVID window 2020-03..2021-12 is never counted; requires >= 2 surviving candidates, else NaN (G8).",US carriers' airborne time on US-touching international segments,all,393148,-21.23185531061448,-11.285714285714258,0.011360026603931317,11.062427002224693,21.25327598516099,0.05685486980164754,8.85146714252393
excess_min_w,"excess_min, winsorized (clipped) at the 1st/99th percentile computed within each (origin, dest, nation) directed-route group, using ALL non-null excess_min for that route across the full 1990-2025 sample (not separately by year) -- a 2022 cell's clip boundary can therefore depend on that same route's 2025 data. See excess_winsorization_cutoffs.csv for the per-route n/p1/p99/n_clipped actually applied, and excess_speed_screen_sensitivity.csv for how much the pooled mean/p1/p99 move if the implied-speed screen is tightened beyond the shipped 50 mph (winsorization alone does not remove the measurement contamination just above 50 mph: cells implying < 150 mph are 0.30% of the sample but a majority of sum(excess_min_w) -- see that CSV).",US carriers' airborne time on US-touching international segments,1990,57648,-23.21291903858321,-13.433333333333318,-0.09814450413682607,12.335873087308782,23.721290322580632,-0.11103820259136196,11.244032518298724
excess_min_w,"excess_min, winsorized (clipped) at the 1st/99th percentile computed within each (origin, dest, nation) directed-route group, using ALL non-null excess_min for that route across the full 1990-2025 sample (not separately by year) -- a 2022 cell's clip boundary can therefore depend on that same route's 2025 data. See excess_winsorization_cutoffs.csv for the per-route n/p1/p99/n_clipped actually applied, and excess_speed_screen_sensitivity.csv for how much the pooled mean/p1/p99 move if the implied-speed screen is tightened beyond the shipped 50 mph (winsorization alone does not remove the measurement contamination just above 50 mph: cells implying < 150 mph are 0.30% of the sample but a majority of sum(excess_min_w) -- see that CSV).",US carriers' airborne time on US-touching international segments,2000,118167,-18.89386396121254,-9.94691138301821,0.44444444444444287,12.046930082705183,21.34301087801089,0.7517513635012051,8.554185195424724
excess_min_w,"excess_min, winsorized (clipped) at the 1st/99th percentile computed within each (origin, dest, nation) directed-route group, using ALL non-null excess_min for that route across the full 1990-2025 sample (not separately by year) -- a 2022 cell's clip boundary can therefore depend on that same route's 2025 data. See excess_winsorization_cutoffs.csv for the per-route n/p1/p99/n_clipped actually applied, and excess_speed_screen_sensitivity.csv for how much the pooled mean/p1/p99 move if the implied-speed screen is tightened beyond the shipped 50 mph (winsorization alone does not remove the measurement contamination just above 50 mph: cells implying < 150 mph are 0.30% of the sample but a majority of sum(excess_min_w) -- see that CSV).",US carriers' airborne time on US-touching international segments,2010,159687,-21.040937334217485,-11.46141025641025,-0.2641472868216965,9.991850696991934,19.645172043010742,-0.4117067630255539,7.082854629208076
excess_min_w,"excess_min, winsorized (clipped) at the 1st/99th percentile computed within each (origin, dest, nation) directed-route group, using ALL non-null excess_min for that route across the full 1990-2025 sample (not separately by year) -- a 2022 cell's clip boundary can therefore depend on that same route's 2025 data. See excess_winsorization_cutoffs.csv for the per-route n/p1/p99/n_clipped actually applied, and excess_speed_screen_sensitivity.csv for how much the pooled mean/p1/p99 move if the implied-speed screen is tightened beyond the shipped 50 mph (winsorization alone does not remove the measurement contamination just above 50 mph: cells implying < 150 mph are 0.30% of the sample but a majority of sum(excess_min_w) -- see that CSV).",US carriers' airborne time on US-touching international segments,2020,57646,-20.47549816392432,-10.24433054174429,0.06252240143369647,9.448268241750437,17.78332350485622,-0.05251513177338105,6.412499924449929
excess_min_w,"excess_min, winsorized (clipped) at the 1st/99th percentile computed within each (origin, dest, nation) directed-route group, using ALL non-null excess_min for that route across the full 1990-2025 sample (not separately by year) -- a 2022 cell's clip boundary can therefore depend on that same route's 2025 data. See excess_winsorization_cutoffs.csv for the per-route n/p1/p99/n_clipped actually applied, and excess_speed_screen_sensitivity.csv for how much the pooled mean/p1/p99 move if the implied-speed screen is tightened beyond the shipped 50 mph (winsorization alone does not remove the measurement contamination just above 50 mph: cells implying < 150 mph are 0.30% of the sample but a majority of sum(excess_min_w) -- see that CSV).",US carriers' airborne time on US-touching international segments,all,393148,-20.799264907135775,-11.178546073601854,0.011485832175452515,10.904301075268828,20.647468982630233,0.03474408597879193,8.196160290271855
excess_z,"excess_min / baseline_mad, where baseline_mad = median absolute deviation (around baseline_med) of the same up-to-3 baseline candidates used for baseline_med. NaN when baseline_mad == 0 (never divided, to avoid a fabricated +-inf). CAVEAT (overseer cycle-2 finding): with at most 3 candidates, baseline_mad is itself a near-degenerate statistic that can be small by chance, so excess_z routinely reads as an enormous anomaly (p99 roughly 84, some cells beyond |z|=1000) for an excess_min value that is itself unremarkable. This column should NOT be read as a conventional z-score / cited as evidence of anomaly magnitude without first checking excess_min and baseline_mad directly; see excess_construction_diagnostics.csv for |z|>100 and |z|>1000 counts. Treat as NOT-FOR-USE pending a director-commissioned dispersion measure with a larger candidate pool.",US carriers' airborne time on US-touching international segments,1990,57526,-71.1849474630985,-14.528012517465744,-0.06742559684354457,16.449606686331954,83.36000000000067,-0.11140848613391803,207.42250205452046
excess_z,"excess_min / baseline_mad, where baseline_mad = median absolute deviation (around baseline_med) of the same up-to-3 baseline candidates used for baseline_med. NaN when baseline_mad == 0 (never divided, to avoid a fabricated +-inf). CAVEAT (overseer cycle-2 finding): with at most 3 candidates, baseline_mad is itself a near-degenerate statistic that can be small by chance, so excess_z routinely reads as an enormous anomaly (p99 roughly 84, some cells beyond |z|=1000) for an excess_min value that is itself unremarkable. This column should NOT be read as a conventional z-score / cited as evidence of anomaly magnitude without first checking excess_min and baseline_mad directly; see excess_construction_diagnostics.csv for |z|>100 and |z|>1000 counts. Treat as NOT-FOR-USE pending a director-commissioned dispersion measure with a larger candidate pool.",US carriers' airborne time on US-touching international segments,2000,117722,-63.19998494980425,-13.230769230769729,0.31687716816682854,20.25000000000043,98.03993497596551,2.7606860157215896,146.47427624634662
excess_z,"excess_min / baseline_mad, where baseline_mad = median absolute deviation (around baseline_med) of the same up-to-3 baseline candidates used for baseline_med. NaN when baseline_mad == 0 (never divided, to avoid a fabricated +-inf). CAVEAT (overseer cycle-2 finding): with at most 3 candidates, baseline_mad is itself a near-degenerate statistic that can be small by chance, so excess_z routinely reads as an enormous anomaly (p99 roughly 84, some cells beyond |z|=1000) for an excess_min value that is itself unremarkable. This column should NOT be read as a conventional z-score / cited as evidence of anomaly magnitude without first checking excess_min and baseline_mad directly; see excess_construction_diagnostics.csv for |z|>100 and |z|>1000 counts. Treat as NOT-FOR-USE pending a director-commissioned dispersion measure with a larger candidate pool.",US carriers' airborne time on US-touching international segments,2010,158831,-80.06742974006418,-16.53415582579027,-0.19358178053830502,15.390285697103465,75.5532000000286,-0.6304365030599024,255.4780649865665
excess_z,"excess_min / baseline_mad, where baseline_mad = median absolute deviation (around baseline_med) of the same up-to-3 baseline candidates used for baseline_med. NaN when baseline_mad == 0 (never divided, to avoid a fabricated +-inf). CAVEAT (overseer cycle-2 finding): with at most 3 candidates, baseline_mad is itself a near-degenerate statistic that can be small by chance, so excess_z routinely reads as an enormous anomaly (p99 roughly 84, some cells beyond |z|=1000) for an excess_min value that is itself unremarkable. This column should NOT be read as a conventional z-score / cited as evidence of anomaly magnitude without first checking excess_min and baseline_mad directly; see excess_construction_diagnostics.csv for |z|>100 and |z|>1000 counts. Treat as NOT-FOR-USE pending a director-commissioned dispersion measure with a larger candidate pool.",US carriers' airborne time on US-touching international segments,2020,57440,-66.9004166666592,-13.050355097964417,0.0510830873522254,15.821743618618417,75.35582111670291,-0.002647465949583048,146.80247881500816
excess_z,"excess_min / baseline_mad, where baseline_mad = median absolute deviation (around baseline_med) of the same up-to-3 baseline candidates used for baseline_med. NaN when baseline_mad == 0 (never divided, to avoid a fabricated +-inf). CAVEAT (overseer cycle-2 finding): with at most 3 candidates, baseline_mad is itself a near-degenerate statistic that can be small by chance, so excess_z routinely reads as an enormous anomaly (p99 roughly 84, some cells beyond |z|=1000) for an excess_min value that is itself unremarkable. This column should NOT be read as a conventional z-score / cited as evidence of anomaly magnitude without first checking excess_min and baseline_mad directly; see excess_construction_diagnostics.csv for |z|>100 and |z|>1000 counts. Treat as NOT-FOR-USE pending a director-commissioned dispersion measure with a larger candidate pool.",US carriers' airborne time on US-touching international segments,all,391519,-71.77304000011031,-14.791547954526763,0.01086048454468956,17.00393391229779,83.99578225595967,0.5575710601727778,205.94767508206277
bidir_sum,"excess_min_w(origin->dest, nation, year, month) + excess_min_w(dest->origin, nation, year, month) for the SAME nation/year/month; NaN if either directed leg is missing (never imputed).",US carriers' airborne time on US-touching international segments,1990,56200,-33.38634537205075,-17.181185674162275,-0.31111426460354785,15.40802940085932,32.68740491217251,-0.22578188836616356,19.50930852577508
bidir_sum,"excess_min_w(origin->dest, nation, year, month) + excess_min_w(dest->origin, nation, year, month) for the SAME nation/year/month; NaN if either directed leg is missing (never imputed).",US carriers' airborne time on US-touching international segments,2000,117000,-29.029339212251497,-12.483870967741897,1.0763664874551964,16.222814117186196,31.908895564205817,1.5006801159280196,13.19221107401043
bidir_sum,"excess_min_w(origin->dest, nation, year, month) + excess_min_w(dest->origin, nation, year, month) for the SAME nation/year/month; NaN if either directed leg is missing (never imputed).",US carriers' airborne time on US-touching international segments,2010,158922,-30.903766270514975,-14.711753800519034,-0.5008495773675747,11.730434782608768,27.09579977753086,-0.8210933448645522,9.749831030512741
bidir_sum,"excess_min_w(origin->dest, nation, year, month) + excess_min_w(dest->origin, nation, year, month) for the SAME nation/year/month; NaN if either directed leg is missing (never imputed).",US carriers' airborne time on US-touching international segments,2020,57324,-33.09802112059879,-13.410344827586073,0.2067383273288783,11.795454545454533,23.843567379614242,-0.09171849694283599,8.991766212926892
bidir_sum,"excess_min_w(origin->dest, nation, year, month) + excess_min_w(dest->origin, nation, year, month) for the SAME nation/year/month; NaN if either directed leg is missing (never imputed).",US carriers' airborne time on US-touching international segments,all,389446,-31.26242584964165,-14.305046805046686,0.06774193548392304,13.825568321523576,29.258287545787493,0.06969686109520812,12.603800791130901
