check,value,n_airborne_min_mean,n_ramp_min_mean,example_origin,example_dest,example_year,example_month,example_departures,example_distance,example_airborne_min_mean,decision
implied_speed_below_50mph,39.38461538461539,1.0,0.0,BFI,YCD,2008,9,1.0,128.0,195.0,EXCLUDED from baseline/excess (airborne_min_mean left untouched in panel_monthly/panel_excess)
implied_speed_below_50mph,49.09090909090909,1.0,0.0,BFI,ZNA,2009,7,1.0,135.0,165.0,EXCLUDED from baseline/excess (airborne_min_mean left untouched in panel_monthly/panel_excess)
implied_speed_below_50mph,42.786885245901644,1.0,0.0,BGR,YHZ,1998,5,1.0,261.0,366.0,EXCLUDED from baseline/excess (airborne_min_mean left untouched in panel_monthly/panel_excess)
implied_speed_below_50mph,27.019867549668874,1.0,0.0,BUF,YYZ,1999,1,1.0,68.0,151.0,EXCLUDED from baseline/excess (airborne_min_mean left untouched in panel_monthly/panel_excess)
implied_speed_below_50mph,34.79613974713847,1.0,0.0,CCZ,FXE,2019,5,51.0,152.0,262.0980392156863,EXCLUDED from baseline/excess (airborne_min_mean left untouched in panel_monthly/panel_excess)
implied_speed_below_50mph,42.797872340425535,1.0,0.0,CUN,MCI,2006,5,14.0,1341.0,1880.0,EXCLUDED from baseline/excess (airborne_min_mean left untouched in panel_monthly/panel_excess)
implied_speed_below_50mph,43.333333333333336,1.0,0.0,CXY,FLL,2018,12,1.0,65.0,90.0,EXCLUDED from baseline/excess (airborne_min_mean left untouched in panel_monthly/panel_excess)
implied_speed_below_50mph,43.333333333333336,1.0,0.0,CXY,FLL,2020,7,18.0,65.0,90.0,EXCLUDED from baseline/excess (airborne_min_mean left untouched in panel_monthly/panel_excess)
implied_speed_below_50mph,22.99651567944251,1.0,0.0,DQN,FPO,2004,12,2.0,220.0,574.0,EXCLUDED from baseline/excess (airborne_min_mean left untouched in panel_monthly/panel_excess)
implied_speed_below_50mph,32.22222222222222,1.0,0.0,EIS,STT,1995,6,1.0,29.0,54.0,EXCLUDED from baseline/excess (airborne_min_mean left untouched in panel_monthly/panel_excess)
implied_speed_below_50mph,30.526315789473685,1.0,0.0,EIS,STT,1998,2,1.0,29.0,57.0,EXCLUDED from baseline/excess (airborne_min_mean left untouched in panel_monthly/panel_excess)
implied_speed_below_50mph,47.027027027027025,1.0,0.0,EIS,STT,2000,11,1.0,29.0,37.0,EXCLUDED from baseline/excess (airborne_min_mean left untouched in panel_monthly/panel_excess)
implied_speed_below_50mph,48.333333333333336,1.0,0.0,EIS,STT,2001,9,1.0,29.0,36.0,EXCLUDED from baseline/excess (airborne_min_mean left untouched in panel_monthly/panel_excess)
implied_speed_below_50mph,42.96296296296296,1.0,0.0,EIS,STT,2002,8,2.0,29.0,40.5,EXCLUDED from baseline/excess (airborne_min_mean left untouched in panel_monthly/panel_excess)
implied_speed_below_50mph,41.42857142857143,1.0,0.0,EIS,STT,2003,11,1.0,29.0,42.0,EXCLUDED from baseline/excess (airborne_min_mean left untouched in panel_monthly/panel_excess)
implied_speed_below_50mph,27.1875,1.0,0.0,EIS,STT,2005,4,1.0,29.0,64.0,EXCLUDED from baseline/excess (airborne_min_mean left untouched in panel_monthly/panel_excess)
implied_speed_below_50mph,31.07142857142857,1.0,0.0,EIS,STT,2005,10,1.0,29.0,56.0,EXCLUDED from baseline/excess (airborne_min_mean left untouched in panel_monthly/panel_excess)
implied_speed_below_50mph,32.83018867924528,1.0,0.0,EIS,STT,2007,12,1.0,29.0,53.0,EXCLUDED from baseline/excess (airborne_min_mean left untouched in panel_monthly/panel_excess)
implied_speed_below_50mph,41.42857142857143,1.0,0.0,EIS,STT,2009,8,1.0,29.0,42.0,EXCLUDED from baseline/excess (airborne_min_mean left untouched in panel_monthly/panel_excess)
implied_speed_below_50mph,37.826086956521735,1.0,0.0,EIS,STT,2009,11,1.0,29.0,46.0,EXCLUDED from baseline/excess (airborne_min_mean left untouched in panel_monthly/panel_excess)
implied_speed_below_50mph,31.07142857142857,1.0,0.0,EIS,STT,2011,7,2.0,29.0,56.0,EXCLUDED from baseline/excess (airborne_min_mean left untouched in panel_monthly/panel_excess)
implied_speed_below_50mph,41.0126582278481,1.0,0.0,EIS,STX,1999,8,1.0,54.0,79.0,EXCLUDED from baseline/excess (airborne_min_mean left untouched in panel_monthly/panel_excess)
implied_speed_below_50mph,41.0126582278481,1.0,0.0,EIS,STX,2001,8,1.0,54.0,79.0,EXCLUDED from baseline/excess (airborne_min_mean left untouched in panel_monthly/panel_excess)
implied_speed_below_50mph,45.6,1.0,0.0,FBS,YWH,2014,4,1.0,19.0,25.0,EXCLUDED from baseline/excess (airborne_min_mean left untouched in panel_monthly/panel_excess)
implied_speed_below_50mph,28.5,1.0,0.0,FBS,YWH,2014,10,1.0,19.0,40.0,EXCLUDED from baseline/excess (airborne_min_mean left untouched in panel_monthly/panel_excess)
implied_speed_below_50mph,28.5,1.0,0.0,FBS,YWH,2015,4,1.0,19.0,40.0,EXCLUDED from baseline/excess (airborne_min_mean left untouched in panel_monthly/panel_excess)
implied_speed_below_50mph,28.5,1.0,0.0,FBS,YWH,2017,8,1.0,19.0,40.0,EXCLUDED from baseline/excess (airborne_min_mean left untouched in panel_monthly/panel_excess)
implied_speed_below_50mph,28.5,1.0,0.0,FBS,YWH,2018,7,1.0,19.0,40.0,EXCLUDED from baseline/excess (airborne_min_mean left untouched in panel_monthly/panel_excess)
implied_speed_below_50mph,28.5,1.0,0.0,FBS,YWH,2018,11,1.0,19.0,40.0,EXCLUDED from baseline/excess (airborne_min_mean left untouched in panel_monthly/panel_excess)
implied_speed_below_50mph,28.5,1.0,0.0,FBS,YWH,2020,1,1.0,19.0,40.0,EXCLUDED from baseline/excess (airborne_min_mean left untouched in panel_monthly/panel_excess)
implied_speed_below_50mph,27.804878048780488,1.0,0.0,FBS,YWH,2023,7,1.0,19.0,41.0,EXCLUDED from baseline/excess (airborne_min_mean left untouched in panel_monthly/panel_excess)
implied_speed_below_50mph,43.333333333333336,1.0,0.0,FLL,CXY,2018,12,1.0,65.0,90.0,EXCLUDED from baseline/excess (airborne_min_mean left untouched in panel_monthly/panel_excess)
implied_speed_below_50mph,43.333333333333336,1.0,0.0,FLL,CXY,2020,3,1.0,65.0,90.0,EXCLUDED from baseline/excess (airborne_min_mean left untouched in panel_monthly/panel_excess)
implied_speed_below_50mph,43.333333333333336,1.0,0.0,FLL,CXY,2020,7,19.0,65.0,90.0,EXCLUDED from baseline/excess (airborne_min_mean left untouched in panel_monthly/panel_excess)
implied_speed_below_50mph,9.563318777292576,1.0,0.0,FLL,GHC,2018,2,16.0,146.0,916.0,EXCLUDED from baseline/excess (airborne_min_mean left untouched in panel_monthly/panel_excess)
implied_speed_below_50mph,9.700996677740862,1.0,0.0,FLL,GHC,2019,12,21.0,146.0,903.0,EXCLUDED from baseline/excess (airborne_min_mean left untouched in panel_monthly/panel_excess)
implied_speed_below_50mph,31.663424947145874,1.0,0.0,FLL,MHH,2018,2,97.0,193.0,365.7216494845361,EXCLUDED from baseline/excess (airborne_min_mean left untouched in panel_monthly/panel_excess)
implied_speed_below_50mph,1.4743856726364015,1.0,0.0,FLL,NSB,2018,2,87.0,59.0,2401.0,EXCLUDED from baseline/excess (airborne_min_mean left untouched in panel_monthly/panel_excess)
implied_speed_below_50mph,2.7613104524180967,1.0,0.0,FLL,NSB,2019,12,45.0,59.0,1282.0,EXCLUDED from baseline/excess (airborne_min_mean left untouched in panel_monthly/panel_excess)
implied_speed_below_50mph,39.333333333333336,1.0,0.0,FLL,NSB,2020,7,60.0,59.0,90.0,EXCLUDED from baseline/excess (airborne_min_mean left untouched in panel_monthly/panel_excess)
implied_speed_below_50mph,20.720396217919856,1.0,0.0,FLL,NSB,2021,6,13.0,59.0,170.84615384615384,EXCLUDED from baseline/excess (airborne_min_mean left untouched in panel_monthly/panel_excess)
implied_speed_below_50mph,27.192825112107624,1.0,0.0,FLL,ZSA,2006,12,4.0,379.0,836.25,EXCLUDED from baseline/excess (airborne_min_mean left untouched in panel_monthly/panel_excess)
implied_speed_below_50mph,28.90909090909091,1.0,0.0,FRD,YCD,2008,7,1.0,53.0,110.0,EXCLUDED from baseline/excess (airborne_min_mean left untouched in panel_monthly/panel_excess)
implied_speed_below_50mph,10.285714285714286,1.0,0.0,FRD,YWH,2007,10,1.0,18.0,105.0,EXCLUDED from baseline/excess (airborne_min_mean left untouched in panel_monthly/panel_excess)
implied_speed_below_50mph,5.837837837837838,1.0,0.0,FRD,YWH,2008,7,2.0,18.0,185.0,EXCLUDED from baseline/excess (airborne_min_mean left untouched in panel_monthly/panel_excess)
implied_speed_below_50mph,5.2682926829268295,1.0,0.0,FRD,YWH,2008,9,1.0,18.0,205.0,EXCLUDED from baseline/excess (airborne_min_mean left untouched in panel_monthly/panel_excess)
implied_speed_below_50mph,9.818181818181818,1.0,0.0,FRD,YWH,2009,6,1.0,18.0,110.0,EXCLUDED from baseline/excess (airborne_min_mean left untouched in panel_monthly/panel_excess)
implied_speed_below_50mph,8.925619834710744,1.0,0.0,FRD,YWH,2009,8,1.0,18.0,121.0,EXCLUDED from baseline/excess (airborne_min_mean left untouched in panel_monthly/panel_excess)
implied_speed_below_50mph,8.852459016393443,1.0,0.0,FRD,YWH,2010,2,1.0,18.0,122.0,EXCLUDED from baseline/excess (airborne_min_mean left untouched in panel_monthly/panel_excess)
implied_speed_below_50mph,8.852459016393443,1.0,0.0,FRD,YWH,2010,5,1.0,18.0,122.0,EXCLUDED from baseline/excess (airborne_min_mean left untouched in panel_monthly/panel_excess)
implied_speed_below_50mph,33.75,1.0,0.0,FRD,YWH,2010,7,1.0,18.0,32.0,EXCLUDED from baseline/excess (airborne_min_mean left untouched in panel_monthly/panel_excess)
implied_speed_below_50mph,19.636363636363637,1.0,0.0,FRD,YWH,2010,9,1.0,18.0,55.0,EXCLUDED from baseline/excess (airborne_min_mean left untouched in panel_monthly/panel_excess)
implied_speed_below_50mph,20.76923076923077,1.0,0.0,FRD,YWH,2011,7,2.0,18.0,52.0,EXCLUDED from baseline/excess (airborne_min_mean left untouched in panel_monthly/panel_excess)
implied_speed_below_50mph,12.857142857142858,1.0,0.0,FRD,YWH,2011,8,1.0,18.0,84.0,EXCLUDED from baseline/excess (airborne_min_mean left untouched in panel_monthly/panel_excess)
implied_speed_below_50mph,33.75,1.0,0.0,FRD,YWH,2012,1,2.0,18.0,32.0,EXCLUDED from baseline/excess (airborne_min_mean left untouched in panel_monthly/panel_excess)
implied_speed_below_50mph,23.478260869565215,1.0,0.0,FRD,YWH,2012,4,2.0,18.0,46.0,EXCLUDED from baseline/excess (airborne_min_mean left untouched in panel_monthly/panel_excess)
implied_speed_below_50mph,30.0,1.0,0.0,FRD,YYJ,2006,7,2.0,20.0,40.0,EXCLUDED from baseline/excess (airborne_min_mean left untouched in panel_monthly/panel_excess)
implied_speed_below_50mph,24.615384615384617,1.0,0.0,FRD,YYJ,2006,8,8.0,20.0,48.75,EXCLUDED from baseline/excess (airborne_min_mean left untouched in panel_monthly/panel_excess)
implied_speed_below_50mph,20.0,1.0,0.0,FRD,YYJ,2006,9,3.0,20.0,60.0,EXCLUDED from baseline/excess (airborne_min_mean left untouched in panel_monthly/panel_excess)
implied_speed_below_50mph,21.81818181818182,1.0,0.0,FRD,YYJ,2006,10,5.0,20.0,55.0,EXCLUDED from baseline/excess (airborne_min_mean left untouched in panel_monthly/panel_excess)
implied_speed_below_50mph,48.0,1.0,0.0,FRD,YYJ,2023,10,43.0,20.0,25.0,EXCLUDED from baseline/excess (airborne_min_mean left untouched in panel_monthly/panel_excess)
implied_speed_below_50mph,40.0,1.0,0.0,FRD,YYJ,2024,1,19.0,20.0,30.0,EXCLUDED from baseline/excess (airborne_min_mean left untouched in panel_monthly/panel_excess)
implied_speed_below_50mph,40.0,1.0,0.0,FRD,YYJ,2024,9,1.0,20.0,30.0,EXCLUDED from baseline/excess (airborne_min_mean left untouched in panel_monthly/panel_excess)
implied_speed_below_50mph,40.0,1.0,0.0,FRD,YYJ,2024,10,21.0,20.0,30.0,EXCLUDED from baseline/excess (airborne_min_mean left untouched in panel_monthly/panel_excess)
implied_speed_below_50mph,40.0,1.0,0.0,FRD,YYJ,2024,11,18.0,20.0,30.0,EXCLUDED from baseline/excess (airborne_min_mean left untouched in panel_monthly/panel_excess)
implied_speed_below_50mph,40.0,1.0,0.0,FRD,YYJ,2024,12,13.0,20.0,30.0,EXCLUDED from baseline/excess (airborne_min_mean left untouched in panel_monthly/panel_excess)
implied_speed_below_50mph,40.0,1.0,0.0,FRD,YYJ,2025,1,16.0,20.0,30.0,EXCLUDED from baseline/excess (airborne_min_mean left untouched in panel_monthly/panel_excess)
implied_speed_below_50mph,40.0,1.0,0.0,FRD,YYJ,2025,2,14.0,20.0,30.0,EXCLUDED from baseline/excess (airborne_min_mean left untouched in panel_monthly/panel_excess)
implied_speed_below_50mph,40.0,1.0,0.0,FRD,YYJ,2025,3,10.0,20.0,30.0,EXCLUDED from baseline/excess (airborne_min_mean left untouched in panel_monthly/panel_excess)
implied_speed_below_50mph,18.688336520076483,1.0,0.0,FXE,ASD,2019,2,18.0,181.0,581.1111111111111,EXCLUDED from baseline/excess (airborne_min_mean left untouched in panel_monthly/panel_excess)
implied_speed_below_50mph,23.153947948831053,1.0,0.0,FXE,ASD,2019,3,29.0,181.0,469.0344827586207,EXCLUDED from baseline/excess (airborne_min_mean left untouched in panel_monthly/panel_excess)
implied_speed_below_50mph,48.4203821656051,1.0,0.0,FXE,ASD,2019,5,21.0,181.0,224.28571428571428,EXCLUDED from baseline/excess (airborne_min_mean left untouched in panel_monthly/panel_excess)
implied_speed_below_50mph,24.498872059297454,1.0,0.0,FXE,ASD,2019,7,28.0,181.0,443.2857142857143,EXCLUDED from baseline/excess (airborne_min_mean left untouched in panel_monthly/panel_excess)
implied_speed_below_50mph,34.48739495798319,1.0,0.0,FXE,CCZ,2018,12,27.0,152.0,264.44444444444446,EXCLUDED from baseline/excess (airborne_min_mean left untouched in panel_monthly/panel_excess)
implied_speed_below_50mph,14.825112107623317,1.0,0.0,FXE,CCZ,2019,2,29.0,152.0,615.1724137931035,EXCLUDED from baseline/excess (airborne_min_mean left untouched in panel_monthly/panel_excess)
implied_speed_below_50mph,14.673351792262215,1.0,0.0,FXE,CCZ,2019,3,43.0,152.0,621.5348837209302,EXCLUDED from baseline/excess (airborne_min_mean left untouched in panel_monthly/panel_excess)
implied_speed_below_50mph,15.047772533671003,1.0,0.0,FXE,CCZ,2019,4,43.0,152.0,606.0697674418604,EXCLUDED from baseline/excess (airborne_min_mean left untouched in panel_monthly/panel_excess)
implied_speed_below_50mph,35.088408644400786,1.0,0.0,FXE,CCZ,2019,5,47.0,152.0,259.9148936170213,EXCLUDED from baseline/excess (airborne_min_mean left untouched in panel_monthly/panel_excess)
implied_speed_below_50mph,18.575197889182057,1.0,0.0,FXE,SAQ,2019,2,16.0,154.0,497.4375,EXCLUDED from baseline/excess (airborne_min_mean left untouched in panel_monthly/panel_excess)
implied_speed_below_50mph,14.464859520474581,1.0,0.0,FXE,SAQ,2019,3,19.0,154.0,638.7894736842105,EXCLUDED from baseline/excess (airborne_min_mean left untouched in panel_monthly/panel_excess)
implied_speed_below_50mph,19.850639386189258,1.0,0.0,FXE,SAQ,2019,4,21.0,154.0,465.4761904761905,EXCLUDED from baseline/excess (airborne_min_mean left untouched in panel_monthly/panel_excess)
implied_speed_below_50mph,35.377654020187954,1.0,0.0,FXE,SAQ,2019,5,22.0,154.0,261.1818181818182,EXCLUDED from baseline/excess (airborne_min_mean left untouched in panel_monthly/panel_excess)
implied_speed_below_50mph,22.835587929240372,1.0,0.0,FXE,SAQ,2019,7,19.0,154.0,404.63157894736844,EXCLUDED from baseline/excess (airborne_min_mean left untouched in panel_monthly/panel_excess)
implied_speed_below_50mph,23.624605203790043,1.0,0.0,FXE,SAQ,2019,8,17.0,154.0,391.11764705882354,EXCLUDED from baseline/excess (airborne_min_mean left untouched in panel_monthly/panel_excess)
implied_speed_below_50mph,29.142857142857142,1.0,0.0,FXE,TYM,2025,12,2.0,272.0,560.0,EXCLUDED from baseline/excess (airborne_min_mean left untouched in panel_monthly/panel_excess)
implied_speed_below_50mph,19.315186246418335,1.0,0.0,FXE,TZN,2019,2,21.0,214.0,664.7619047619048,EXCLUDED from baseline/excess (airborne_min_mean left untouched in panel_monthly/panel_excess)
implied_speed_below_50mph,20.689365279529213,1.0,0.0,FXE,TZN,2019,4,23.0,214.0,620.6086956521739,EXCLUDED from baseline/excess (airborne_min_mean left untouched in panel_monthly/panel_excess)
implied_speed_below_50mph,45.62752382490712,1.0,0.0,FXE,TZN,2019,5,22.0,214.0,281.40909090909093,EXCLUDED from baseline/excess (airborne_min_mean left untouched in panel_monthly/panel_excess)
implied_speed_below_50mph,23.964636542239685,1.0,0.0,FXE,TZN,2019,7,19.0,214.0,535.7894736842105,EXCLUDED from baseline/excess (airborne_min_mean left untouched in panel_monthly/panel_excess)
implied_speed_below_50mph,44.22680412371135,1.0,0.0,GEG,YEG,2004,10,2.0,429.0,582.0,EXCLUDED from baseline/excess (airborne_min_mean left untouched in panel_monthly/panel_excess)
implied_speed_below_50mph,10.695970695970695,1.0,0.0,GHC,FLL,2018,2,14.0,146.0,819.0,EXCLUDED from baseline/excess (airborne_min_mean left untouched in panel_monthly/panel_excess)
implied_speed_below_50mph,8.975409836065575,1.0,0.0,GHC,FLL,2019,12,19.0,146.0,976.0,EXCLUDED from baseline/excess (airborne_min_mean left untouched in panel_monthly/panel_excess)
implied_speed_below_50mph,46.88082901554405,1.0,0.0,KEH,YCD,2008,9,13.0,116.0,148.46153846153845,EXCLUDED from baseline/excess (airborne_min_mean left untouched in panel_monthly/panel_excess)
implied_speed_below_50mph,45.50943396226415,1.0,0.0,KEH,YDS,2008,9,1.0,201.0,265.0,EXCLUDED from baseline/excess (airborne_min_mean left untouched in panel_monthly/panel_excess)
implied_speed_below_50mph,19.41368078175896,1.0,0.0,KEH,YGN,2012,6,1.0,298.0,921.0,EXCLUDED from baseline/excess (airborne_min_mean left untouched in panel_monthly/panel_excess)
implied_speed_below_50mph,41.7258883248731,1.0,0.0,KEH,YHS,2008,8,5.0,137.0,197.0,EXCLUDED from baseline/excess (airborne_min_mean left untouched in panel_monthly/panel_excess)
implied_speed_below_50mph,47.1578947368421,1.0,0.0,KEH,YIG,2008,9,2.0,224.0,285.0,EXCLUDED from baseline/excess (airborne_min_mean left untouched in panel_monthly/panel_excess)
implied_speed_below_50mph,43.75,1.0,0.0,KEH,YPW,2008,9,3.0,175.0,240.0,EXCLUDED from baseline/excess (airborne_min_mean left untouched in panel_monthly/panel_excess)
implied_speed_below_50mph,49.41176470588235,1.0,0.0,KEH,YWH,2007,7,22.0,70.0,85.0,EXCLUDED from baseline/excess (airborne_min_mean left untouched in panel_monthly/panel_excess)
implied_speed_below_50mph,49.41176470588235,1.0,0.0,KEH,YWH,2008,4,12.0,70.0,85.0,EXCLUDED from baseline/excess (airborne_min_mean left untouched in panel_monthly/panel_excess)
implied_speed_below_50mph,49.41176470588235,1.0,0.0,KEH,YWH,2008,5,10.0,70.0,85.0,EXCLUDED from baseline/excess (airborne_min_mean left untouched in panel_monthly/panel_excess)
implied_speed_below_50mph,49.41176470588235,1.0,0.0,KEH,YWH,2008,6,5.0,70.0,85.0,EXCLUDED from baseline/excess (airborne_min_mean left untouched in panel_monthly/panel_excess)
implied_speed_below_50mph,49.85163204747775,1.0,0.0,KEH,YWH,2008,7,20.0,70.0,84.25,EXCLUDED from baseline/excess (airborne_min_mean left untouched in panel_monthly/panel_excess)
implied_speed_below_50mph,40.594795539033456,1.0,0.0,KEH,YWH,2008,8,13.0,70.0,103.46153846153847,EXCLUDED from baseline/excess (airborne_min_mean left untouched in panel_monthly/panel_excess)
implied_speed_below_50mph,45.31633153506621,1.0,0.0,KEH,YWH,2008,9,22.0,70.0,92.68181818181819,EXCLUDED from baseline/excess (airborne_min_mean left untouched in panel_monthly/panel_excess)
implied_speed_below_50mph,49.41176470588235,1.0,0.0,KEH,YWH,2008,10,7.0,70.0,85.0,EXCLUDED from baseline/excess (airborne_min_mean left untouched in panel_monthly/panel_excess)
implied_speed_below_50mph,49.41176470588235,1.0,0.0,KEH,YWH,2008,11,5.0,70.0,85.0,EXCLUDED from baseline/excess (airborne_min_mean left untouched in panel_monthly/panel_excess)
implied_speed_below_50mph,49.41176470588235,1.0,0.0,KEH,YWH,2008,12,1.0,70.0,85.0,EXCLUDED from baseline/excess (airborne_min_mean left untouched in panel_monthly/panel_excess)
implied_speed_below_50mph,49.41176470588235,1.0,0.0,KEH,YWH,2009,1,2.0,70.0,85.0,EXCLUDED from baseline/excess (airborne_min_mean left untouched in panel_monthly/panel_excess)
implied_speed_below_50mph,38.18181818181818,1.0,0.0,KEH,YWH,2009,2,4.0,70.0,110.0,EXCLUDED from baseline/excess (airborne_min_mean left untouched in panel_monthly/panel_excess)
implied_speed_below_50mph,49.41176470588235,1.0,0.0,KEH,YWH,2009,4,7.0,70.0,85.0,EXCLUDED from baseline/excess (airborne_min_mean left untouched in panel_monthly/panel_excess)
implied_speed_below_50mph,49.41176470588235,1.0,0.0,KEH,YWH,2009,8,14.0,70.0,85.0,EXCLUDED from baseline/excess (airborne_min_mean left untouched in panel_monthly/panel_excess)
implied_speed_below_50mph,46.53739612188366,1.0,0.0,KEH,YWH,2009,9,12.0,70.0,90.25,EXCLUDED from baseline/excess (airborne_min_mean left untouched in panel_monthly/panel_excess)
implied_speed_below_50mph,38.18181818181818,1.0,0.0,KEH,YWH,2009,11,4.0,70.0,110.0,EXCLUDED from baseline/excess (airborne_min_mean left untouched in panel_monthly/panel_excess)
implied_speed_below_50mph,23.661971830985916,1.0,0.0,KEH,YWH,2009,12,4.0,70.0,177.5,EXCLUDED from baseline/excess (airborne_min_mean left untouched in panel_monthly/panel_excess)
implied_speed_below_50mph,49.41176470588235,1.0,0.0,KEH,YWH,2010,1,5.0,70.0,85.0,EXCLUDED from baseline/excess (airborne_min_mean left untouched in panel_monthly/panel_excess)
implied_speed_below_50mph,49.41176470588235,1.0,0.0,KEH,YWH,2010,3,8.0,70.0,85.0,EXCLUDED from baseline/excess (airborne_min_mean left untouched in panel_monthly/panel_excess)
implied_speed_below_50mph,49.41176470588235,1.0,0.0,KEH,YWH,2010,10,6.0,70.0,85.0,EXCLUDED from baseline/excess (airborne_min_mean left untouched in panel_monthly/panel_excess)
implied_speed_below_50mph,49.41176470588235,1.0,0.0,KEH,YWH,2010,12,3.0,70.0,85.0,EXCLUDED from baseline/excess (airborne_min_mean left untouched in panel_monthly/panel_excess)
implied_speed_below_50mph,49.41176470588235,1.0,0.0,KEH,YWH,2011,1,5.0,70.0,85.0,EXCLUDED from baseline/excess (airborne_min_mean left untouched in panel_monthly/panel_excess)
implied_speed_below_50mph,49.41176470588235,1.0,0.0,KEH,YWH,2011,2,6.0,70.0,85.0,EXCLUDED from baseline/excess (airborne_min_mean left untouched in panel_monthly/panel_excess)
implied_speed_below_50mph,49.41176470588235,1.0,0.0,KEH,YWH,2011,3,2.0,70.0,85.0,EXCLUDED from baseline/excess (airborne_min_mean left untouched in panel_monthly/panel_excess)
implied_speed_below_50mph,49.41176470588235,1.0,0.0,KEH,YWH,2011,10,11.0,70.0,85.0,EXCLUDED from baseline/excess (airborne_min_mean left untouched in panel_monthly/panel_excess)
implied_speed_below_50mph,49.41176470588235,1.0,0.0,KEH,YWH,2011,12,2.0,70.0,85.0,EXCLUDED from baseline/excess (airborne_min_mean left untouched in panel_monthly/panel_excess)
implied_speed_below_50mph,49.41176470588235,1.0,0.0,KEH,YWH,2012,1,1.0,70.0,85.0,EXCLUDED from baseline/excess (airborne_min_mean left untouched in panel_monthly/panel_excess)
implied_speed_below_50mph,49.41176470588235,1.0,0.0,KEH,YWH,2012,3,2.0,70.0,85.0,EXCLUDED from baseline/excess (airborne_min_mean left untouched in panel_monthly/panel_excess)
implied_speed_below_50mph,49.41176470588235,1.0,0.0,KEH,YWH,2012,4,2.0,70.0,85.0,EXCLUDED from baseline/excess (airborne_min_mean left untouched in panel_monthly/panel_excess)
implied_speed_below_50mph,49.41176470588235,1.0,0.0,KEH,YWH,2012,8,16.0,70.0,85.0,EXCLUDED from baseline/excess (airborne_min_mean left untouched in panel_monthly/panel_excess)
implied_speed_below_50mph,49.41176470588235,1.0,0.0,KEH,YWH,2012,11,7.0,70.0,85.0,EXCLUDED from baseline/excess (airborne_min_mean left untouched in panel_monthly/panel_excess)
implied_speed_below_50mph,49.41176470588235,1.0,0.0,KEH,YWH,2012,12,3.0,70.0,85.0,EXCLUDED from baseline/excess (airborne_min_mean left untouched in panel_monthly/panel_excess)
implied_speed_below_50mph,49.41176470588235,1.0,0.0,KEH,YWH,2013,1,3.0,70.0,85.0,EXCLUDED from baseline/excess (airborne_min_mean left untouched in panel_monthly/panel_excess)
implied_speed_below_50mph,49.41176470588235,1.0,0.0,KEH,YWH,2013,2,4.0,70.0,85.0,EXCLUDED from baseline/excess (airborne_min_mean left untouched in panel_monthly/panel_excess)
implied_speed_below_50mph,49.41176470588235,1.0,0.0,KEH,YWH,2013,3,4.0,70.0,85.0,EXCLUDED from baseline/excess (airborne_min_mean left untouched in panel_monthly/panel_excess)
implied_speed_below_50mph,35.29411764705882,1.0,0.0,KEH,YWH,2022,4,4.0,70.0,119.0,EXCLUDED from baseline/excess (airborne_min_mean left untouched in panel_monthly/panel_excess)
implied_speed_below_50mph,38.18181818181818,1.0,0.0,KEH,YWH,2022,5,372.0,70.0,110.0,EXCLUDED from baseline/excess (airborne_min_mean left untouched in panel_monthly/panel_excess)
implied_speed_below_50mph,28.941176470588236,1.0,0.0,KEH,YYJ,2007,7,1.0,82.0,170.0,EXCLUDED from baseline/excess (airborne_min_mean left untouched in panel_monthly/panel_excess)
implied_speed_below_50mph,49.199999999999996,1.0,0.0,KEH,YYJ,2009,6,2.0,82.0,100.0,EXCLUDED from baseline/excess (airborne_min_mean left untouched in panel_monthly/panel_excess)
implied_speed_below_50mph,37.84615384615385,1.0,0.0,KEH,YYJ,2009,7,2.0,82.0,130.0,EXCLUDED from baseline/excess (airborne_min_mean left untouched in panel_monthly/panel_excess)
implied_speed_below_50mph,44.72727272727273,1.0,0.0,KEH,YYJ,2009,8,3.0,82.0,110.0,EXCLUDED from baseline/excess (airborne_min_mean left untouched in panel_monthly/panel_excess)
implied_speed_below_50mph,49.199999999999996,1.0,0.0,KEH,YYJ,2010,7,4.0,82.0,100.0,EXCLUDED from baseline/excess (airborne_min_mean left untouched in panel_monthly/panel_excess)
implied_speed_below_50mph,37.84615384615385,1.0,0.0,KEH,YYJ,2010,8,3.0,82.0,130.0,EXCLUDED from baseline/excess (airborne_min_mean left untouched in panel_monthly/panel_excess)
implied_speed_below_50mph,33.93103448275862,1.0,0.0,KEH,YYJ,2010,9,1.0,82.0,145.0,EXCLUDED from baseline/excess (airborne_min_mean left untouched in panel_monthly/panel_excess)
implied_speed_below_50mph,49.199999999999996,1.0,0.0,KEH,YYJ,2011,6,3.0,82.0,100.0,EXCLUDED from baseline/excess (airborne_min_mean left untouched in panel_monthly/panel_excess)
implied_speed_below_50mph,37.84615384615385,1.0,0.0,KEH,YYJ,2011,8,4.0,82.0,130.0,EXCLUDED from baseline/excess (airborne_min_mean left untouched in panel_monthly/panel_excess)
implied_speed_below_50mph,36.44444444444444,1.0,0.0,KEH,YYJ,2012,6,2.0,82.0,135.0,EXCLUDED from baseline/excess (airborne_min_mean left untouched in panel_monthly/panel_excess)
implied_speed_below_50mph,37.84615384615385,1.0,0.0,KEH,YYJ,2012,8,2.0,82.0,130.0,EXCLUDED from baseline/excess (airborne_min_mean left untouched in panel_monthly/panel_excess)
implied_speed_below_50mph,46.53846153846154,1.0,0.0,LKE,YCD,2007,7,1.0,121.0,156.0,EXCLUDED from baseline/excess (airborne_min_mean left untouched in panel_monthly/panel_excess)
implied_speed_below_50mph,37.23076923076923,1.0,0.0,LKE,YCD,2008,9,2.0,121.0,195.0,EXCLUDED from baseline/excess (airborne_min_mean left untouched in panel_monthly/panel_excess)
implied_speed_below_50mph,46.867924528301884,1.0,0.0,LKE,YDS,2008,9,1.0,207.0,265.0,EXCLUDED from baseline/excess (airborne_min_mean left untouched in panel_monthly/panel_excess)
implied_speed_below_50mph,39.23924217946835,1.0,0.0,LKE,YWH,2022,4,61.0,73.0,111.62295081967213,EXCLUDED from baseline/excess (airborne_min_mean left untouched in panel_monthly/panel_excess)
implied_speed_below_50mph,39.81818181818182,1.0,0.0,LKE,YWH,2022,5,6.0,73.0,110.0,EXCLUDED from baseline/excess (airborne_min_mean left untouched in panel_monthly/panel_excess)
implied_speed_below_50mph,47.09798657718121,1.0,0.0,LKE,YYJ,2008,8,34.0,86.0,109.55882352941177,EXCLUDED from baseline/excess (airborne_min_mean left untouched in panel_monthly/panel_excess)
implied_speed_below_50mph,49.97578692493946,1.0,0.0,LKE,YYJ,2008,9,20.0,86.0,103.25,EXCLUDED from baseline/excess (airborne_min_mean left untouched in panel_monthly/panel_excess)
implied_speed_below_50mph,49.47945205479452,1.0,0.0,LKE,YYJ,2011,6,7.0,86.0,104.28571428571429,EXCLUDED from baseline/excess (airborne_min_mean left untouched in panel_monthly/panel_excess)
implied_speed_below_50mph,45.17647058823529,1.0,0.0,LKE,ZNA,2009,6,2.0,128.0,170.0,EXCLUDED from baseline/excess (airborne_min_mean left untouched in panel_monthly/panel_excess)
implied_speed_below_50mph,48.0,1.0,0.0,LKE,ZNA,2009,7,1.0,128.0,160.0,EXCLUDED from baseline/excess (airborne_min_mean left untouched in panel_monthly/panel_excess)
implied_speed_below_50mph,21.21951219512195,1.0,0.0,LPS,YCD,2008,8,1.0,58.0,164.0,EXCLUDED from baseline/excess (airborne_min_mean left untouched in panel_monthly/panel_excess)
implied_speed_below_50mph,8.289473684210527,1.0,0.0,LPS,YWH,2007,8,1.0,21.0,152.0,EXCLUDED from baseline/excess (airborne_min_mean left untouched in panel_monthly/panel_excess)
implied_speed_below_50mph,11.35135135135135,1.0,0.0,LPS,YWH,2009,4,1.0,21.0,111.0,EXCLUDED from baseline/excess (airborne_min_mean left untouched in panel_monthly/panel_excess)
implied_speed_below_50mph,9.618320610687023,1.0,0.0,LPS,YWH,2009,7,1.0,21.0,131.0,EXCLUDED from baseline/excess (airborne_min_mean left untouched in panel_monthly/panel_excess)
implied_speed_below_50mph,9.618320610687023,1.0,0.0,LPS,YWH,2009,9,1.0,21.0,131.0,EXCLUDED from baseline/excess (airborne_min_mean left untouched in panel_monthly/panel_excess)
implied_speed_below_50mph,20.655737704918035,1.0,0.0,LPS,YWH,2010,2,2.0,21.0,61.0,EXCLUDED from baseline/excess (airborne_min_mean left untouched in panel_monthly/panel_excess)
implied_speed_below_50mph,30.000000000000004,1.0,0.0,LPS,YWH,2011,5,1.0,21.0,42.0,EXCLUDED from baseline/excess (airborne_min_mean left untouched in panel_monthly/panel_excess)
implied_speed_below_50mph,15.365853658536585,1.0,0.0,LPS,YWH,2011,8,1.0,21.0,82.0,EXCLUDED from baseline/excess (airborne_min_mean left untouched in panel_monthly/panel_excess)
implied_speed_below_50mph,10.0,1.0,0.0,LPS,YYJ,2008,9,1.0,25.0,150.0,EXCLUDED from baseline/excess (airborne_min_mean left untouched in panel_monthly/panel_excess)
implied_speed_below_50mph,37.5,1.0,0.0,LPS,YYJ,2010,5,1.0,25.0,40.0,EXCLUDED from baseline/excess (airborne_min_mean left untouched in panel_monthly/panel_excess)
implied_speed_below_50mph,27.984809627145392,1.0,0.0,MHH,FLL,2018,2,98.0,193.0,413.7959183673469,EXCLUDED from baseline/excess (airborne_min_mean left untouched in panel_monthly/panel_excess)
implied_speed_below_50mph,2.693877551020408,1.0,0.0,MPB,NSB,2018,2,46.0,55.0,1225.0,EXCLUDED from baseline/excess (airborne_min_mean left untouched in panel_monthly/panel_excess)
implied_speed_below_50mph,2.8871391076115485,1.0,0.0,MPB,NSB,2019,12,44.0,55.0,1143.0,EXCLUDED from baseline/excess (airborne_min_mean left untouched in panel_monthly/panel_excess)
implied_speed_below_50mph,36.666666666666664,1.0,0.0,MPB,NSB,2020,7,37.0,55.0,90.0,EXCLUDED from baseline/excess (airborne_min_mean left untouched in panel_monthly/panel_excess)
implied_speed_below_50mph,44.34782608695652,1.0,0.0,MTY,MFE,1996,11,1.0,119.0,161.0,EXCLUDED from baseline/excess (airborne_min_mean left untouched in panel_monthly/panel_excess)
implied_speed_below_50mph,43.80368098159509,1.0,0.0,MTY,MFE,2016,12,1.0,119.0,163.0,EXCLUDED from baseline/excess (airborne_min_mean left untouched in panel_monthly/panel_excess)
implied_speed_below_50mph,1.4549938347718867,1.0,0.0,NSB,FLL,2018,2,88.0,59.0,2433.0,EXCLUDED from baseline/excess (airborne_min_mean left untouched in panel_monthly/panel_excess)
implied_speed_below_50mph,2.845659163987138,1.0,0.0,NSB,FLL,2019,12,44.0,59.0,1244.0,EXCLUDED from baseline/excess (airborne_min_mean left untouched in panel_monthly/panel_excess)
implied_speed_below_50mph,45.38461538461538,1.0,0.0,NSB,FLL,2020,6,45.0,59.0,78.0,EXCLUDED from baseline/excess (airborne_min_mean left untouched in panel_monthly/panel_excess)
implied_speed_below_50mph,39.333333333333336,1.0,0.0,NSB,FLL,2020,7,60.0,59.0,90.0,EXCLUDED from baseline/excess (airborne_min_mean left untouched in panel_monthly/panel_excess)
implied_speed_below_50mph,23.67283950617284,1.0,0.0,NSB,FLL,2021,6,13.0,59.0,149.53846153846155,EXCLUDED from baseline/excess (airborne_min_mean left untouched in panel_monthly/panel_excess)
implied_speed_below_50mph,3.0555555555555554,1.0,0.0,NSB,MPB,2018,2,45.0,55.0,1080.0,EXCLUDED from baseline/excess (airborne_min_mean left untouched in panel_monthly/panel_excess)
implied_speed_below_50mph,2.852203975799481,1.0,0.0,NSB,MPB,2019,12,46.0,55.0,1157.0,EXCLUDED from baseline/excess (airborne_min_mean left untouched in panel_monthly/panel_excess)
implied_speed_below_50mph,36.666666666666664,1.0,0.0,NSB,MPB,2020,7,36.0,55.0,90.0,EXCLUDED from baseline/excess (airborne_min_mean left untouched in panel_monthly/panel_excess)
implied_speed_below_50mph,33.0,1.0,0.0,NSB,MPB,2021,1,2.0,55.0,100.0,EXCLUDED from baseline/excess (airborne_min_mean left untouched in panel_monthly/panel_excess)
implied_speed_below_50mph,45.78947368421053,1.0,0.0,PBI,FPO,2011,10,1.0,87.0,114.0,EXCLUDED from baseline/excess (airborne_min_mean left untouched in panel_monthly/panel_excess)
implied_speed_below_50mph,7.183098591549296,1.0,0.0,RCE,YWH,2009,6,1.0,17.0,142.0,EXCLUDED from baseline/excess (airborne_min_mean left untouched in panel_monthly/panel_excess)
implied_speed_below_50mph,20.0,1.0,0.0,RCE,YWH,2009,7,2.0,17.0,51.0,EXCLUDED from baseline/excess (airborne_min_mean left untouched in panel_monthly/panel_excess)
implied_speed_below_50mph,8.429752066115702,1.0,0.0,RCE,YWH,2009,9,1.0,17.0,121.0,EXCLUDED from baseline/excess (airborne_min_mean left untouched in panel_monthly/panel_excess)
implied_speed_below_50mph,6.163141993957704,1.0,0.0,RCE,YWH,2009,10,2.0,17.0,165.5,EXCLUDED from baseline/excess (airborne_min_mean left untouched in panel_monthly/panel_excess)
implied_speed_below_50mph,10.625,1.0,0.0,RCE,YWH,2010,2,2.0,17.0,96.0,EXCLUDED from baseline/excess (airborne_min_mean left untouched in panel_monthly/panel_excess)
implied_speed_below_50mph,8.360655737704919,1.0,0.0,RCE,YWH,2010,5,2.0,17.0,122.0,EXCLUDED from baseline/excess (airborne_min_mean left untouched in panel_monthly/panel_excess)
implied_speed_below_50mph,7.727272727272727,1.0,0.0,RCE,YWH,2010,8,1.0,17.0,132.0,EXCLUDED from baseline/excess (airborne_min_mean left untouched in panel_monthly/panel_excess)
implied_speed_below_50mph,10.0,1.0,0.0,RCE,YWH,2011,7,1.0,17.0,102.0,EXCLUDED from baseline/excess (airborne_min_mean left untouched in panel_monthly/panel_excess)
implied_speed_below_50mph,12.439024390243903,1.0,0.0,RCE,YWH,2011,8,1.0,17.0,82.0,EXCLUDED from baseline/excess (airborne_min_mean left untouched in panel_monthly/panel_excess)
implied_speed_below_50mph,14.571428571428571,1.0,0.0,RCE,YWH,2012,8,1.0,17.0,70.0,EXCLUDED from baseline/excess (airborne_min_mean left untouched in panel_monthly/panel_excess)
implied_speed_below_50mph,31.2,1.0,0.0,RCE,YYJ,2007,6,2.0,13.0,25.0,EXCLUDED from baseline/excess (airborne_min_mean left untouched in panel_monthly/panel_excess)
implied_speed_below_50mph,26.181818181818183,1.0,0.0,RSJ,CXH,2022,5,3.0,48.0,110.0,EXCLUDED from baseline/excess (airborne_min_mean left untouched in panel_monthly/panel_excess)
implied_speed_below_50mph,46.94117647058823,1.0,0.0,RSJ,YCF,2007,7,1.0,133.0,170.0,EXCLUDED from baseline/excess (airborne_min_mean left untouched in panel_monthly/panel_excess)
implied_speed_below_50mph,14.621848739495798,1.0,0.0,RSJ,YWH,2008,7,1.0,29.0,119.0,EXCLUDED from baseline/excess (airborne_min_mean left untouched in panel_monthly/panel_excess)
implied_speed_below_50mph,21.21951219512195,1.0,0.0,RSJ,YWH,2011,8,1.0,29.0,82.0,EXCLUDED from baseline/excess (airborne_min_mean left untouched in panel_monthly/panel_excess)
implied_speed_below_50mph,17.058823529411764,1.0,0.0,RSJ,YWH,2012,4,1.0,29.0,102.0,EXCLUDED from baseline/excess (airborne_min_mean left untouched in panel_monthly/panel_excess)
implied_speed_below_50mph,39.0,1.0,0.0,RSJ,YYJ,2010,9,1.0,26.0,40.0,EXCLUDED from baseline/excess (airborne_min_mean left untouched in panel_monthly/panel_excess)
implied_speed_below_50mph,19.17675544794189,1.0,0.0,SAQ,FXE,2019,2,6.0,154.0,481.8333333333333,EXCLUDED from baseline/excess (airborne_min_mean left untouched in panel_monthly/panel_excess)
implied_speed_below_50mph,22.3728813559322,1.0,0.0,SAQ,FXE,2019,4,14.0,154.0,413.0,EXCLUDED from baseline/excess (airborne_min_mean left untouched in panel_monthly/panel_excess)
implied_speed_below_50mph,25.44987146529563,1.0,0.0,SAQ,FXE,2019,5,15.0,154.0,363.06666666666666,EXCLUDED from baseline/excess (airborne_min_mean left untouched in panel_monthly/panel_excess)
implied_speed_below_50mph,24.037460978147763,1.0,0.0,SAQ,FXE,2019,7,20.0,154.0,384.4,EXCLUDED from baseline/excess (airborne_min_mean left untouched in panel_monthly/panel_excess)
implied_speed_below_50mph,37.72968558595345,1.0,0.0,SAQ,FXE,2019,8,10.0,154.0,244.9,EXCLUDED from baseline/excess (airborne_min_mean left untouched in panel_monthly/panel_excess)
implied_speed_below_50mph,28.6,1.0,0.0,SBH,STT,2003,9,11.0,143.0,300.0,EXCLUDED from baseline/excess (airborne_min_mean left untouched in panel_monthly/panel_excess)
implied_speed_below_50mph,16.76253081347576,1.0,0.0,SPB,VIJ,2007,12,10.0,34.0,121.7,EXCLUDED from baseline/excess (airborne_min_mean left untouched in panel_monthly/panel_excess)
implied_speed_below_50mph,28.6,1.0,0.0,STT,SBH,2003,9,11.0,143.0,300.0,EXCLUDED from baseline/excess (airborne_min_mean left untouched in panel_monthly/panel_excess)
implied_speed_below_50mph,45.6,1.0,0.0,STT,VIJ,2003,7,19.0,36.0,47.36842105263158,EXCLUDED from baseline/excess (airborne_min_mean left untouched in panel_monthly/panel_excess)
implied_speed_below_50mph,7.2,1.0,0.0,STT,VIJ,2003,9,3.0,36.0,300.0,EXCLUDED from baseline/excess (airborne_min_mean left untouched in panel_monthly/panel_excess)
implied_speed_below_50mph,40.800000000000004,1.0,0.0,STT,VIJ,2004,5,17.0,36.0,52.94117647058823,EXCLUDED from baseline/excess (airborne_min_mean left untouched in panel_monthly/panel_excess)
implied_speed_below_50mph,36.0,1.0,0.0,STT,VIJ,2004,7,15.0,36.0,60.0,EXCLUDED from baseline/excess (airborne_min_mean left untouched in panel_monthly/panel_excess)
implied_speed_below_50mph,4.8,1.0,0.0,STT,VIJ,2004,8,2.0,36.0,450.0,EXCLUDED from baseline/excess (airborne_min_mean left untouched in panel_monthly/panel_excess)
implied_speed_below_50mph,36.0,1.0,0.0,STT,VIJ,2005,5,15.0,36.0,60.0,EXCLUDED from baseline/excess (airborne_min_mean left untouched in panel_monthly/panel_excess)
implied_speed_below_50mph,36.0,1.0,0.0,STT,VIJ,2005,6,15.0,36.0,60.0,EXCLUDED from baseline/excess (airborne_min_mean left untouched in panel_monthly/panel_excess)
implied_speed_below_50mph,19.2,1.0,0.0,STT,VIJ,2005,7,8.0,36.0,112.5,EXCLUDED from baseline/excess (airborne_min_mean left untouched in panel_monthly/panel_excess)
implied_speed_below_50mph,47.974683544303794,1.0,0.0,TAM,CRP,1999,8,1.0,379.0,474.0,EXCLUDED from baseline/excess (airborne_min_mean left untouched in panel_monthly/panel_excess)
implied_speed_below_50mph,17.076923076923077,1.0,0.0,TWD,YWH,2009,6,1.0,37.0,130.0,EXCLUDED from baseline/excess (airborne_min_mean left untouched in panel_monthly/panel_excess)
implied_speed_below_50mph,15.857142857142856,1.0,0.0,TWD,YWH,2009,9,1.0,37.0,140.0,EXCLUDED from baseline/excess (airborne_min_mean left untouched in panel_monthly/panel_excess)
implied_speed_below_50mph,25.190190735694824,1.0,0.0,TZN,FXE,2019,4,18.0,214.0,509.72222222222223,EXCLUDED from baseline/excess (airborne_min_mean left untouched in panel_monthly/panel_excess)
implied_speed_below_50mph,22.265895953757227,1.0,0.0,TZN,FXE,2019,7,18.0,214.0,576.6666666666666,EXCLUDED from baseline/excess (airborne_min_mean left untouched in panel_monthly/panel_excess)
implied_speed_below_50mph,16.76253081347576,1.0,0.0,VIJ,SPB,2007,12,10.0,34.0,121.7,EXCLUDED from baseline/excess (airborne_min_mean left untouched in panel_monthly/panel_excess)
implied_speed_below_50mph,45.6,1.0,0.0,VIJ,STT,2003,7,19.0,36.0,47.36842105263158,EXCLUDED from baseline/excess (airborne_min_mean left untouched in panel_monthly/panel_excess)
implied_speed_below_50mph,9.6,1.0,0.0,VIJ,STT,2003,9,4.0,36.0,225.0,EXCLUDED from baseline/excess (airborne_min_mean left untouched in panel_monthly/panel_excess)
implied_speed_below_50mph,40.800000000000004,1.0,0.0,VIJ,STT,2004,5,17.0,36.0,52.94117647058823,EXCLUDED from baseline/excess (airborne_min_mean left untouched in panel_monthly/panel_excess)
implied_speed_below_50mph,36.0,1.0,0.0,VIJ,STT,2004,7,15.0,36.0,60.0,EXCLUDED from baseline/excess (airborne_min_mean left untouched in panel_monthly/panel_excess)
implied_speed_below_50mph,4.8,1.0,0.0,VIJ,STT,2004,8,2.0,36.0,450.0,EXCLUDED from baseline/excess (airborne_min_mean left untouched in panel_monthly/panel_excess)
implied_speed_below_50mph,36.0,1.0,0.0,VIJ,STT,2005,5,15.0,36.0,60.0,EXCLUDED from baseline/excess (airborne_min_mean left untouched in panel_monthly/panel_excess)
implied_speed_below_50mph,36.0,1.0,0.0,VIJ,STT,2005,6,15.0,36.0,60.0,EXCLUDED from baseline/excess (airborne_min_mean left untouched in panel_monthly/panel_excess)
implied_speed_below_50mph,19.2,1.0,0.0,VIJ,STT,2005,7,8.0,36.0,112.5,EXCLUDED from baseline/excess (airborne_min_mean left untouched in panel_monthly/panel_excess)
implied_speed_below_50mph,15.818181818181818,1.0,0.0,WSX,YWH,2008,8,1.0,29.0,110.0,EXCLUDED from baseline/excess (airborne_min_mean left untouched in panel_monthly/panel_excess)
implied_speed_below_50mph,14.3801652892562,1.0,0.0,WSX,YWH,2009,8,1.0,29.0,121.0,EXCLUDED from baseline/excess (airborne_min_mean left untouched in panel_monthly/panel_excess)
implied_speed_below_50mph,13.18181818181818,1.0,0.0,WSX,YWH,2010,8,1.0,29.0,132.0,EXCLUDED from baseline/excess (airborne_min_mean left untouched in panel_monthly/panel_excess)
implied_speed_below_50mph,14.262295081967213,1.0,0.0,WSX,YWH,2010,9,1.0,29.0,122.0,EXCLUDED from baseline/excess (airborne_min_mean left untouched in panel_monthly/panel_excess)
implied_speed_below_50mph,17.058823529411764,1.0,0.0,WSX,YWH,2011,7,1.0,29.0,102.0,EXCLUDED from baseline/excess (airborne_min_mean left untouched in panel_monthly/panel_excess)
implied_speed_below_50mph,21.21951219512195,1.0,0.0,WSX,YWH,2011,11,1.0,29.0,82.0,EXCLUDED from baseline/excess (airborne_min_mean left untouched in panel_monthly/panel_excess)
implied_speed_below_50mph,32.523364485981304,1.0,0.0,WSX,YWH,2012,1,2.0,29.0,53.5,EXCLUDED from baseline/excess (airborne_min_mean left untouched in panel_monthly/panel_excess)
implied_speed_below_50mph,28.064516129032256,1.0,0.0,WSX,YWH,2012,2,1.0,29.0,62.0,EXCLUDED from baseline/excess (airborne_min_mean left untouched in panel_monthly/panel_excess)
implied_speed_below_50mph,31.636363636363637,1.0,0.0,WSX,YWH,2012,8,1.0,29.0,55.0,EXCLUDED from baseline/excess (airborne_min_mean left untouched in panel_monthly/panel_excess)
implied_speed_below_50mph,9.012048192771084,1.0,0.0,YAZ,LKE,2008,9,1.0,187.0,1245.0,EXCLUDED from baseline/excess (airborne_min_mean left untouched in panel_monthly/panel_excess)
implied_speed_below_50mph,46.54545454545455,1.0,0.0,YCD,BFI,2008,9,1.0,128.0,165.0,EXCLUDED from baseline/excess (airborne_min_mean left untouched in panel_monthly/panel_excess)
implied_speed_below_50mph,34.45493562231759,1.0,0.0,YEG,PDX,2005,2,1.0,669.0,1165.0,EXCLUDED from baseline/excess (airborne_min_mean left untouched in panel_monthly/panel_excess)
implied_speed_below_50mph,1.2421242124212422,1.0,0.0,YGE,LKE,2025,10,1.0,207.0,9999.0,EXCLUDED from baseline/excess (airborne_min_mean left untouched in panel_monthly/panel_excess)
implied_speed_below_50mph,21.73310225303293,1.0,0.0,YHH,KEH,2011,5,5.0,209.0,577.0,EXCLUDED from baseline/excess (airborne_min_mean left untouched in panel_monthly/panel_excess)
implied_speed_below_50mph,45.04109589041096,1.0,0.0,YHS,KEH,2007,7,2.0,137.0,182.5,EXCLUDED from baseline/excess (airborne_min_mean left untouched in panel_monthly/panel_excess)
implied_speed_below_50mph,49.44360902255639,1.0,0.0,YHS,KEH,2008,8,4.0,137.0,166.25,EXCLUDED from baseline/excess (airborne_min_mean left untouched in panel_monthly/panel_excess)
implied_speed_below_50mph,48.91304347826087,1.0,0.0,YUL,BTV,2005,11,1.0,75.0,92.0,EXCLUDED from baseline/excess (airborne_min_mean left untouched in panel_monthly/panel_excess)
implied_speed_below_50mph,38.70967741935483,1.0,0.0,YVR,BLI,1997,1,1.0,40.0,62.0,EXCLUDED from baseline/excess (airborne_min_mean left untouched in panel_monthly/panel_excess)
implied_speed_below_50mph,27.586206896551726,1.0,0.0,YVR,BLI,2004,11,1.0,40.0,87.0,EXCLUDED from baseline/excess (airborne_min_mean left untouched in panel_monthly/panel_excess)
implied_speed_below_50mph,26.08695652173913,1.0,0.0,YVR,BLI,2016,1,1.0,40.0,92.0,EXCLUDED from baseline/excess (airborne_min_mean left untouched in panel_monthly/panel_excess)
implied_speed_below_50mph,39.823008849557525,1.0,0.0,YVR,CLM,1999,10,1.0,75.0,113.0,EXCLUDED from baseline/excess (airborne_min_mean left untouched in panel_monthly/panel_excess)
implied_speed_below_50mph,29.68421052631579,1.0,0.0,YVR,FRD,2011,8,1.0,47.0,95.0,EXCLUDED from baseline/excess (airborne_min_mean left untouched in panel_monthly/panel_excess)
implied_speed_below_50mph,33.3389544688027,1.0,0.0,YVR,IDA,2008,1,1.0,659.0,1186.0,EXCLUDED from baseline/excess (airborne_min_mean left untouched in panel_monthly/panel_excess)
implied_speed_below_50mph,46.0,1.0,0.0,YVR,LKE,2003,6,5.0,115.0,150.0,EXCLUDED from baseline/excess (airborne_min_mean left untouched in panel_monthly/panel_excess)
implied_speed_below_50mph,46.0,1.0,0.0,YVR,LKE,2003,7,4.0,115.0,150.0,EXCLUDED from baseline/excess (airborne_min_mean left untouched in panel_monthly/panel_excess)
implied_speed_below_50mph,46.0,1.0,0.0,YVR,LKE,2003,8,6.0,115.0,150.0,EXCLUDED from baseline/excess (airborne_min_mean left untouched in panel_monthly/panel_excess)
implied_speed_below_50mph,48.421052631578945,1.0,0.0,YVR,LKE,2003,9,4.0,115.0,142.5,EXCLUDED from baseline/excess (airborne_min_mean left untouched in panel_monthly/panel_excess)
implied_speed_below_50mph,34.80916030534352,1.0,0.0,YWH,FBS,2023,7,4.0,19.0,32.75,EXCLUDED from baseline/excess (airborne_min_mean left untouched in panel_monthly/panel_excess)
implied_speed_below_50mph,8.639999999999999,1.0,0.0,YWH,FRD,2009,10,1.0,18.0,125.0,EXCLUDED from baseline/excess (airborne_min_mean left untouched in panel_monthly/panel_excess)
implied_speed_below_50mph,19.636363636363637,1.0,0.0,YWH,FRD,2010,8,1.0,18.0,55.0,EXCLUDED from baseline/excess (airborne_min_mean left untouched in panel_monthly/panel_excess)
implied_speed_below_50mph,19.636363636363637,1.0,0.0,YWH,FRD,2010,9,1.0,18.0,55.0,EXCLUDED from baseline/excess (airborne_min_mean left untouched in panel_monthly/panel_excess)
implied_speed_below_50mph,19.636363636363637,1.0,0.0,YWH,FRD,2011,7,1.0,18.0,55.0,EXCLUDED from baseline/excess (airborne_min_mean left untouched in panel_monthly/panel_excess)
implied_speed_below_50mph,19.636363636363637,1.0,0.0,YWH,FRD,2012,10,1.0,18.0,55.0,EXCLUDED from baseline/excess (airborne_min_mean left untouched in panel_monthly/panel_excess)
implied_speed_below_50mph,48.308525033829504,1.0,0.0,YWH,KEH,2007,7,17.0,70.0,86.94117647058823,EXCLUDED from baseline/excess (airborne_min_mean left untouched in panel_monthly/panel_excess)
implied_speed_below_50mph,49.41176470588235,1.0,0.0,YWH,KEH,2008,4,1.0,70.0,85.0,EXCLUDED from baseline/excess (airborne_min_mean left untouched in panel_monthly/panel_excess)
implied_speed_below_50mph,49.41176470588235,1.0,0.0,YWH,KEH,2008,6,2.0,70.0,85.0,EXCLUDED from baseline/excess (airborne_min_mean left untouched in panel_monthly/panel_excess)
implied_speed_below_50mph,44.73094170403588,1.0,0.0,YWH,KEH,2008,8,19.0,70.0,93.89473684210526,EXCLUDED from baseline/excess (airborne_min_mean left untouched in panel_monthly/panel_excess)
implied_speed_below_50mph,31.27659574468085,1.0,0.0,YWH,KEH,2008,9,7.0,70.0,134.28571428571428,EXCLUDED from baseline/excess (airborne_min_mean left untouched in panel_monthly/panel_excess)
implied_speed_below_50mph,49.41176470588235,1.0,0.0,YWH,KEH,2008,10,1.0,70.0,85.0,EXCLUDED from baseline/excess (airborne_min_mean left untouched in panel_monthly/panel_excess)
implied_speed_below_50mph,49.41176470588235,1.0,0.0,YWH,KEH,2008,12,1.0,70.0,85.0,EXCLUDED from baseline/excess (airborne_min_mean left untouched in panel_monthly/panel_excess)
implied_speed_below_50mph,22.7027027027027,1.0,0.0,YWH,KEH,2009,2,1.0,70.0,185.0,EXCLUDED from baseline/excess (airborne_min_mean left untouched in panel_monthly/panel_excess)
implied_speed_below_50mph,24.705882352941174,1.0,0.0,YWH,KEH,2009,3,2.0,70.0,170.0,EXCLUDED from baseline/excess (airborne_min_mean left untouched in panel_monthly/panel_excess)
implied_speed_below_50mph,31.57894736842105,1.0,0.0,YWH,KEH,2009,11,3.0,70.0,133.0,EXCLUDED from baseline/excess (airborne_min_mean left untouched in panel_monthly/panel_excess)
implied_speed_below_50mph,49.41176470588235,1.0,0.0,YWH,KEH,2010,2,1.0,70.0,85.0,EXCLUDED from baseline/excess (airborne_min_mean left untouched in panel_monthly/panel_excess)
implied_speed_below_50mph,49.41176470588235,1.0,0.0,YWH,KEH,2010,12,1.0,70.0,85.0,EXCLUDED from baseline/excess (airborne_min_mean left untouched in panel_monthly/panel_excess)
implied_speed_below_50mph,49.41176470588235,1.0,0.0,YWH,KEH,2011,1,1.0,70.0,85.0,EXCLUDED from baseline/excess (airborne_min_mean left untouched in panel_monthly/panel_excess)
implied_speed_below_50mph,49.41176470588235,1.0,0.0,YWH,KEH,2011,2,1.0,70.0,85.0,EXCLUDED from baseline/excess (airborne_min_mean left untouched in panel_monthly/panel_excess)
implied_speed_below_50mph,49.41176470588235,1.0,0.0,YWH,KEH,2011,3,1.0,70.0,85.0,EXCLUDED from baseline/excess (airborne_min_mean left untouched in panel_monthly/panel_excess)
implied_speed_below_50mph,49.41176470588235,1.0,0.0,YWH,KEH,2011,11,2.0,70.0,85.0,EXCLUDED from baseline/excess (airborne_min_mean left untouched in panel_monthly/panel_excess)
implied_speed_below_50mph,49.41176470588235,1.0,0.0,YWH,KEH,2011,12,1.0,70.0,85.0,EXCLUDED from baseline/excess (airborne_min_mean left untouched in panel_monthly/panel_excess)
implied_speed_below_50mph,49.41176470588235,1.0,0.0,YWH,KEH,2012,3,4.0,70.0,85.0,EXCLUDED from baseline/excess (airborne_min_mean left untouched in panel_monthly/panel_excess)
implied_speed_below_50mph,49.41176470588235,1.0,0.0,YWH,KEH,2012,11,3.0,70.0,85.0,EXCLUDED from baseline/excess (airborne_min_mean left untouched in panel_monthly/panel_excess)
implied_speed_below_50mph,49.41176470588235,1.0,0.0,YWH,KEH,2012,12,2.0,70.0,85.0,EXCLUDED from baseline/excess (airborne_min_mean left untouched in panel_monthly/panel_excess)
implied_speed_below_50mph,49.41176470588235,1.0,0.0,YWH,KEH,2013,2,1.0,70.0,85.0,EXCLUDED from baseline/excess (airborne_min_mean left untouched in panel_monthly/panel_excess)
implied_speed_below_50mph,49.41176470588235,1.0,0.0,YWH,KEH,2013,3,2.0,70.0,85.0,EXCLUDED from baseline/excess (airborne_min_mean left untouched in panel_monthly/panel_excess)
implied_speed_below_50mph,38.777666714265315,1.0,0.0,YWH,LKE,2022,4,62.0,73.0,112.95161290322581,EXCLUDED from baseline/excess (airborne_min_mean left untouched in panel_monthly/panel_excess)
implied_speed_below_50mph,8.129032258064516,1.0,0.0,YWH,LPS,2009,7,1.0,21.0,155.0,EXCLUDED from baseline/excess (airborne_min_mean left untouched in panel_monthly/panel_excess)
implied_speed_below_50mph,9.272727272727273,1.0,0.0,YWH,RCE,2008,8,1.0,17.0,110.0,EXCLUDED from baseline/excess (airborne_min_mean left untouched in panel_monthly/panel_excess)
implied_speed_below_50mph,6.375,1.0,0.0,YWH,RCE,2008,9,1.0,17.0,160.0,EXCLUDED from baseline/excess (airborne_min_mean left untouched in panel_monthly/panel_excess)
implied_speed_below_50mph,18.545454545454547,1.0,0.0,YWH,RCE,2009,5,1.0,17.0,55.0,EXCLUDED from baseline/excess (airborne_min_mean left untouched in panel_monthly/panel_excess)
implied_speed_below_50mph,16.32,1.0,0.0,YWH,RCE,2009,9,2.0,17.0,62.5,EXCLUDED from baseline/excess (airborne_min_mean left untouched in panel_monthly/panel_excess)
implied_speed_below_50mph,18.545454545454547,1.0,0.0,YWH,RCE,2010,7,1.0,17.0,55.0,EXCLUDED from baseline/excess (airborne_min_mean left untouched in panel_monthly/panel_excess)
implied_speed_below_50mph,40.0,1.0,0.0,YYJ,FRD,2023,8,49.0,20.0,30.0,EXCLUDED from baseline/excess (airborne_min_mean left untouched in panel_monthly/panel_excess)
implied_speed_below_50mph,48.0,1.0,0.0,YYJ,FRD,2023,10,44.0,20.0,25.0,EXCLUDED from baseline/excess (airborne_min_mean left untouched in panel_monthly/panel_excess)
implied_speed_below_50mph,40.0,1.0,0.0,YYJ,FRD,2024,1,21.0,20.0,30.0,EXCLUDED from baseline/excess (airborne_min_mean left untouched in panel_monthly/panel_excess)
implied_speed_below_50mph,40.0,1.0,0.0,YYJ,FRD,2024,9,1.0,20.0,30.0,EXCLUDED from baseline/excess (airborne_min_mean left untouched in panel_monthly/panel_excess)
implied_speed_below_50mph,40.0,1.0,0.0,YYJ,FRD,2024,10,23.0,20.0,30.0,EXCLUDED from baseline/excess (airborne_min_mean left untouched in panel_monthly/panel_excess)
implied_speed_below_50mph,40.0,1.0,0.0,YYJ,FRD,2024,11,21.0,20.0,30.0,EXCLUDED from baseline/excess (airborne_min_mean left untouched in panel_monthly/panel_excess)
implied_speed_below_50mph,40.0,1.0,0.0,YYJ,FRD,2024,12,16.0,20.0,30.0,EXCLUDED from baseline/excess (airborne_min_mean left untouched in panel_monthly/panel_excess)
implied_speed_below_50mph,40.0,1.0,0.0,YYJ,FRD,2025,1,23.0,20.0,30.0,EXCLUDED from baseline/excess (airborne_min_mean left untouched in panel_monthly/panel_excess)
implied_speed_below_50mph,40.0,1.0,0.0,YYJ,FRD,2025,2,19.0,20.0,30.0,EXCLUDED from baseline/excess (airborne_min_mean left untouched in panel_monthly/panel_excess)
implied_speed_below_50mph,40.0,1.0,0.0,YYJ,FRD,2025,3,15.0,20.0,30.0,EXCLUDED from baseline/excess (airborne_min_mean left untouched in panel_monthly/panel_excess)
implied_speed_below_50mph,46.679316888045534,1.0,0.0,YYJ,KEH,2008,8,5.0,82.0,105.4,EXCLUDED from baseline/excess (airborne_min_mean left untouched in panel_monthly/panel_excess)
implied_speed_below_50mph,42.78260869565217,1.0,0.0,YYJ,KEH,2009,4,1.0,82.0,115.0,EXCLUDED from baseline/excess (airborne_min_mean left untouched in panel_monthly/panel_excess)
implied_speed_below_50mph,42.78260869565217,1.0,0.0,YYJ,KEH,2009,5,1.0,82.0,115.0,EXCLUDED from baseline/excess (airborne_min_mean left untouched in panel_monthly/panel_excess)
implied_speed_below_50mph,49.199999999999996,1.0,0.0,YYJ,KEH,2009,6,1.0,82.0,100.0,EXCLUDED from baseline/excess (airborne_min_mean left untouched in panel_monthly/panel_excess)
implied_speed_below_50mph,39.12524850894633,1.0,0.0,YYJ,KEH,2009,7,4.0,82.0,125.75,EXCLUDED from baseline/excess (airborne_min_mean left untouched in panel_monthly/panel_excess)
implied_speed_below_50mph,46.857142857142854,1.0,0.0,YYJ,KEH,2009,8,3.0,82.0,105.0,EXCLUDED from baseline/excess (airborne_min_mean left untouched in panel_monthly/panel_excess)
implied_speed_below_50mph,37.84615384615385,1.0,0.0,YYJ,KEH,2010,4,1.0,82.0,130.0,EXCLUDED from baseline/excess (airborne_min_mean left untouched in panel_monthly/panel_excess)
implied_speed_below_50mph,49.199999999999996,1.0,0.0,YYJ,KEH,2010,5,1.0,82.0,100.0,EXCLUDED from baseline/excess (airborne_min_mean left untouched in panel_monthly/panel_excess)
implied_speed_below_50mph,42.78260869565217,1.0,0.0,YYJ,KEH,2010,8,1.0,82.0,115.0,EXCLUDED from baseline/excess (airborne_min_mean left untouched in panel_monthly/panel_excess)
implied_speed_below_50mph,37.84615384615385,1.0,0.0,YYJ,KEH,2011,7,1.0,82.0,130.0,EXCLUDED from baseline/excess (airborne_min_mean left untouched in panel_monthly/panel_excess)
implied_speed_below_50mph,37.84615384615385,1.0,0.0,YYJ,KEH,2011,8,2.0,82.0,130.0,EXCLUDED from baseline/excess (airborne_min_mean left untouched in panel_monthly/panel_excess)
implied_speed_below_50mph,49.44723618090452,1.0,0.0,YYJ,KEH,2012,8,6.0,82.0,99.5,EXCLUDED from baseline/excess (airborne_min_mean left untouched in panel_monthly/panel_excess)
implied_speed_below_50mph,44.329896907216494,1.0,0.0,YYJ,LKE,2013,5,5.0,86.0,116.4,EXCLUDED from baseline/excess (airborne_min_mean left untouched in panel_monthly/panel_excess)
implied_speed_below_50mph,31.2,1.0,0.0,YYJ,RCE,2008,11,1.0,13.0,25.0,EXCLUDED from baseline/excess (airborne_min_mean left untouched in panel_monthly/panel_excess)
implied_speed_below_50mph,9.176470588235293,1.0,0.0,YYJ,RCE,2010,5,1.0,13.0,85.0,EXCLUDED from baseline/excess (airborne_min_mean left untouched in panel_monthly/panel_excess)
implied_speed_below_50mph,31.2,1.0,0.0,YYJ,RCE,2010,6,1.0,13.0,25.0,EXCLUDED from baseline/excess (airborne_min_mean left untouched in panel_monthly/panel_excess)
implied_speed_below_50mph,37.77777777777778,1.0,0.0,YYZ,BUF,1998,9,1.0,68.0,108.0,EXCLUDED from baseline/excess (airborne_min_mean left untouched in panel_monthly/panel_excess)
implied_speed_below_50mph,36.75675675675676,1.0,0.0,YYZ,BUF,1998,11,1.0,68.0,111.0,EXCLUDED from baseline/excess (airborne_min_mean left untouched in panel_monthly/panel_excess)
implied_speed_below_50mph,34.57627118644068,1.0,0.0,YYZ,BUF,2000,7,1.0,68.0,118.0,EXCLUDED from baseline/excess (airborne_min_mean left untouched in panel_monthly/panel_excess)
implied_speed_below_50mph,45.58659217877095,1.0,0.0,YYZ,BUF,2003,4,2.0,68.0,89.5,EXCLUDED from baseline/excess (airborne_min_mean left untouched in panel_monthly/panel_excess)
implied_speed_below_50mph,38.49056603773585,1.0,0.0,YYZ,BUF,2010,6,1.0,68.0,106.0,EXCLUDED from baseline/excess (airborne_min_mean left untouched in panel_monthly/panel_excess)
implied_speed_below_50mph,44.83516483516484,1.0,0.0,YYZ,BUF,2012,2,1.0,68.0,91.0,EXCLUDED from baseline/excess (airborne_min_mean left untouched in panel_monthly/panel_excess)
implied_speed_below_50mph,32.125984251968504,1.0,0.0,YYZ,BUF,2018,3,1.0,68.0,127.0,EXCLUDED from baseline/excess (airborne_min_mean left untouched in panel_monthly/panel_excess)
implied_speed_below_50mph,36.34285714285714,1.0,0.0,YYZ,ROC,2005,2,1.0,106.0,175.0,EXCLUDED from baseline/excess (airborne_min_mean left untouched in panel_monthly/panel_excess)
implied_speed_below_50mph,49.6875,1.0,0.0,YYZ,ROC,2011,12,1.0,106.0,128.0,EXCLUDED from baseline/excess (airborne_min_mean left untouched in panel_monthly/panel_excess)
implied_speed_below_50mph,45.42857142857142,1.0,0.0,YYZ,ROC,2012,3,1.0,106.0,140.0,EXCLUDED from baseline/excess (airborne_min_mean left untouched in panel_monthly/panel_excess)
implied_speed_below_50mph,27.192825112107624,1.0,0.0,ZSA,FLL,2006,12,4.0,379.0,836.25,EXCLUDED from baseline/excess (airborne_min_mean left untouched in panel_monthly/panel_excess)
distance_zero_cell_ok,0.0,,,SWL,WFB,2002,4,11.0,0.0,24.0,"KEPT (short-route rounding artifact; implied speed undefined, not excluded from outcomes)"
distance_zero_cell_ok,0.0,,,WFB,SWL,2002,4,13.0,0.0,24.0,"KEPT (short-route rounding artifact; implied speed undefined, not excluded from outcomes)"
diagnostic_only_gt_1000min_per_dep,1024.1304347826087,1.0,0.0,BOM,ATL,2008,11,23.0,8502.0,1024.1304347826087,"NOT EXCLUDED on its own (diagnostic only; see implied_speed_below_50mph for the exclusion actually applied to this row, if any)"
diagnostic_only_gt_1000min_per_dep,1019.9285714285714,1.0,0.0,BOM,ATL,2008,12,28.0,8502.0,1019.9285714285714,"NOT EXCLUDED on its own (diagnostic only; see implied_speed_below_50mph for the exclusion actually applied to this row, if any)"
diagnostic_only_gt_1000min_per_dep,1008.4,1.0,0.0,BOM,ATL,2009,1,30.0,8502.0,1008.4,"NOT EXCLUDED on its own (diagnostic only; see implied_speed_below_50mph for the exclusion actually applied to this row, if any)"
diagnostic_only_gt_1000min_per_dep,1003.625,1.0,0.0,BOM,ATL,2009,2,24.0,8502.0,1003.625,"NOT EXCLUDED on its own (diagnostic only; see implied_speed_below_50mph for the exclusion actually applied to this row, if any)"
diagnostic_only_gt_1000min_per_dep,1006.6153846153846,1.0,0.0,BOM,ATL,2009,10,13.0,8502.0,1006.6153846153846,"NOT EXCLUDED on its own (diagnostic only; see implied_speed_below_50mph for the exclusion actually applied to this row, if any)"
diagnostic_only_gt_1000min_per_dep,1880.0,1.0,0.0,CUN,MCI,2006,5,14.0,1341.0,1880.0,"NOT EXCLUDED on its own (diagnostic only; see implied_speed_below_50mph for the exclusion actually applied to this row, if any)"
diagnostic_only_gt_1000min_per_dep,1006.1666666666666,1.0,0.0,DFW,HKG,2020,4,6.0,8120.0,1006.1666666666666,"NOT EXCLUDED on its own (diagnostic only; see implied_speed_below_50mph for the exclusion actually applied to this row, if any)"
diagnostic_only_gt_1000min_per_dep,1009.2,1.0,0.0,DXB,ATL,2015,1,30.0,7599.0,1009.2,"NOT EXCLUDED on its own (diagnostic only; see implied_speed_below_50mph for the exclusion actually applied to this row, if any)"
diagnostic_only_gt_1000min_per_dep,1008.8125,1.0,0.0,DXB,ATL,2016,1,16.0,7599.0,1008.8125,"NOT EXCLUDED on its own (diagnostic only; see implied_speed_below_50mph for the exclusion actually applied to this row, if any)"
diagnostic_only_gt_1000min_per_dep,1003.4,1.0,0.0,DXB,ATL,2016,2,5.0,7599.0,1003.4,"NOT EXCLUDED on its own (diagnostic only; see implied_speed_below_50mph for the exclusion actually applied to this row, if any)"
diagnostic_only_gt_1000min_per_dep,2401.0,1.0,0.0,FLL,NSB,2018,2,87.0,59.0,2401.0,"NOT EXCLUDED on its own (diagnostic only; see implied_speed_below_50mph for the exclusion actually applied to this row, if any)"
diagnostic_only_gt_1000min_per_dep,1282.0,1.0,0.0,FLL,NSB,2019,12,45.0,59.0,1282.0,"NOT EXCLUDED on its own (diagnostic only; see implied_speed_below_50mph for the exclusion actually applied to this row, if any)"
diagnostic_only_gt_1000min_per_dep,1200.0,1.0,0.0,GCM,CVG,1999,6,4.0,1375.0,1200.0,"NOT EXCLUDED on its own (diagnostic only; see implied_speed_below_50mph for the exclusion actually applied to this row, if any)"
diagnostic_only_gt_1000min_per_dep,1011.3571428571429,1.0,0.0,IAH,SYD,2018,1,14.0,8587.0,1011.3571428571429,"NOT EXCLUDED on its own (diagnostic only; see implied_speed_below_50mph for the exclusion actually applied to this row, if any)"
diagnostic_only_gt_1000min_per_dep,1021.5,1.0,0.0,IAH,SYD,2018,2,28.0,8587.0,1021.5,"NOT EXCLUDED on its own (diagnostic only; see implied_speed_below_50mph for the exclusion actually applied to this row, if any)"
diagnostic_only_gt_1000min_per_dep,1027.3225806451612,1.0,0.0,IAH,SYD,2018,3,31.0,8587.0,1027.3225806451612,"NOT EXCLUDED on its own (diagnostic only; see implied_speed_below_50mph for the exclusion actually applied to this row, if any)"
diagnostic_only_gt_1000min_per_dep,1025.2758620689656,1.0,0.0,IAH,SYD,2018,4,29.0,8587.0,1025.2758620689656,"NOT EXCLUDED on its own (diagnostic only; see implied_speed_below_50mph for the exclusion actually applied to this row, if any)"
diagnostic_only_gt_1000min_per_dep,1026.225806451613,1.0,0.0,IAH,SYD,2018,5,31.0,8587.0,1026.225806451613,"NOT EXCLUDED on its own (diagnostic only; see implied_speed_below_50mph for the exclusion actually applied to this row, if any)"
diagnostic_only_gt_1000min_per_dep,1011.6666666666666,1.0,0.0,IAH,SYD,2018,6,30.0,8587.0,1011.6666666666666,"NOT EXCLUDED on its own (diagnostic only; see implied_speed_below_50mph for the exclusion actually applied to this row, if any)"
diagnostic_only_gt_1000min_per_dep,1006.7857142857143,1.0,0.0,IAH,SYD,2018,10,28.0,8587.0,1006.7857142857143,"NOT EXCLUDED on its own (diagnostic only; see implied_speed_below_50mph for the exclusion actually applied to this row, if any)"
diagnostic_only_gt_1000min_per_dep,1015.1666666666666,1.0,0.0,IAH,SYD,2018,11,30.0,8587.0,1015.1666666666666,"NOT EXCLUDED on its own (diagnostic only; see implied_speed_below_50mph for the exclusion actually applied to this row, if any)"
diagnostic_only_gt_1000min_per_dep,1023.3225806451613,1.0,0.0,IAH,SYD,2018,12,31.0,8587.0,1023.3225806451613,"NOT EXCLUDED on its own (diagnostic only; see implied_speed_below_50mph for the exclusion actually applied to this row, if any)"
diagnostic_only_gt_1000min_per_dep,1004.9677419354839,1.0,0.0,IAH,SYD,2019,1,31.0,8587.0,1004.9677419354839,"NOT EXCLUDED on its own (diagnostic only; see implied_speed_below_50mph for the exclusion actually applied to this row, if any)"
diagnostic_only_gt_1000min_per_dep,1009.695652173913,1.0,0.0,IAH,SYD,2019,2,23.0,8587.0,1009.695652173913,"NOT EXCLUDED on its own (diagnostic only; see implied_speed_below_50mph for the exclusion actually applied to this row, if any)"
diagnostic_only_gt_1000min_per_dep,1012.7692307692307,1.0,0.0,IAH,SYD,2019,3,26.0,8587.0,1012.7692307692307,"NOT EXCLUDED on its own (diagnostic only; see implied_speed_below_50mph for the exclusion actually applied to this row, if any)"
diagnostic_only_gt_1000min_per_dep,1024.3529411764705,1.0,0.0,IAH,SYD,2019,4,17.0,8587.0,1024.3529411764705,"NOT EXCLUDED on its own (diagnostic only; see implied_speed_below_50mph for the exclusion actually applied to this row, if any)"
diagnostic_only_gt_1000min_per_dep,1019.2222222222222,1.0,0.0,IAH,SYD,2019,5,18.0,8587.0,1019.2222222222222,"NOT EXCLUDED on its own (diagnostic only; see implied_speed_below_50mph for the exclusion actually applied to this row, if any)"
diagnostic_only_gt_1000min_per_dep,1013.5882352941177,1.0,0.0,IAH,SYD,2019,6,17.0,8587.0,1013.5882352941177,"NOT EXCLUDED on its own (diagnostic only; see implied_speed_below_50mph for the exclusion actually applied to this row, if any)"
diagnostic_only_gt_1000min_per_dep,1006.5,1.0,0.0,IAH,SYD,2019,10,20.0,8587.0,1006.5,"NOT EXCLUDED on its own (diagnostic only; see implied_speed_below_50mph for the exclusion actually applied to this row, if any)"
diagnostic_only_gt_1000min_per_dep,1017.6896551724138,1.0,0.0,IAH,SYD,2019,11,29.0,8587.0,1017.6896551724138,"NOT EXCLUDED on its own (diagnostic only; see implied_speed_below_50mph for the exclusion actually applied to this row, if any)"
diagnostic_only_gt_1000min_per_dep,1019.5806451612904,1.0,0.0,IAH,SYD,2019,12,31.0,8587.0,1019.5806451612904,"NOT EXCLUDED on its own (diagnostic only; see implied_speed_below_50mph for the exclusion actually applied to this row, if any)"
diagnostic_only_gt_1000min_per_dep,1004.6206896551724,1.0,0.0,IAH,SYD,2020,1,29.0,8587.0,1004.6206896551724,"NOT EXCLUDED on its own (diagnostic only; see implied_speed_below_50mph for the exclusion actually applied to this row, if any)"
diagnostic_only_gt_1000min_per_dep,1031.4137931034484,1.0,0.0,IAH,SYD,2020,2,29.0,8587.0,1031.4137931034484,"NOT EXCLUDED on its own (diagnostic only; see implied_speed_below_50mph for the exclusion actually applied to this row, if any)"
diagnostic_only_gt_1000min_per_dep,1031.578947368421,1.0,0.0,IAH,SYD,2020,3,19.0,8587.0,1031.578947368421,"NOT EXCLUDED on its own (diagnostic only; see implied_speed_below_50mph for the exclusion actually applied to this row, if any)"
diagnostic_only_gt_1000min_per_dep,1010.8461538461538,1.0,0.0,IAH,SYD,2022,11,13.0,8587.0,1010.8461538461538,"NOT EXCLUDED on its own (diagnostic only; see implied_speed_below_50mph for the exclusion actually applied to this row, if any)"
diagnostic_only_gt_1000min_per_dep,1001.8636363636364,1.0,0.0,IAH,SYD,2022,12,22.0,8587.0,1001.8636363636364,"NOT EXCLUDED on its own (diagnostic only; see implied_speed_below_50mph for the exclusion actually applied to this row, if any)"
diagnostic_only_gt_1000min_per_dep,1004.0,1.0,0.0,IAH,SYD,2023,1,30.0,8587.0,1004.0,"NOT EXCLUDED on its own (diagnostic only; see implied_speed_below_50mph for the exclusion actually applied to this row, if any)"
diagnostic_only_gt_1000min_per_dep,1018.6296296296297,1.0,0.0,IAH,SYD,2023,2,27.0,8587.0,1018.6296296296297,"NOT EXCLUDED on its own (diagnostic only; see implied_speed_below_50mph for the exclusion actually applied to this row, if any)"
diagnostic_only_gt_1000min_per_dep,1003.8461538461538,1.0,0.0,IAH,SYD,2023,11,13.0,8587.0,1003.8461538461538,"NOT EXCLUDED on its own (diagnostic only; see implied_speed_below_50mph for the exclusion actually applied to this row, if any)"
diagnostic_only_gt_1000min_per_dep,1014.9677419354839,1.0,0.0,IAH,SYD,2023,12,31.0,8587.0,1014.9677419354839,"NOT EXCLUDED on its own (diagnostic only; see implied_speed_below_50mph for the exclusion actually applied to this row, if any)"
diagnostic_only_gt_1000min_per_dep,1000.7931034482758,1.0,0.0,IAH,SYD,2024,1,29.0,8587.0,1000.7931034482758,"NOT EXCLUDED on its own (diagnostic only; see implied_speed_below_50mph for the exclusion actually applied to this row, if any)"
diagnostic_only_gt_1000min_per_dep,1006.7241379310345,1.0,0.0,IAH,SYD,2024,2,29.0,8587.0,1006.7241379310345,"NOT EXCLUDED on its own (diagnostic only; see implied_speed_below_50mph for the exclusion actually applied to this row, if any)"
diagnostic_only_gt_1000min_per_dep,1016.9642857142857,1.0,0.0,IAH,SYD,2024,3,28.0,8587.0,1016.9642857142857,"NOT EXCLUDED on its own (diagnostic only; see implied_speed_below_50mph for the exclusion actually applied to this row, if any)"
diagnostic_only_gt_1000min_per_dep,1018.8214285714286,1.0,0.0,IAH,SYD,2025,1,28.0,8587.0,1018.8214285714286,"NOT EXCLUDED on its own (diagnostic only; see implied_speed_below_50mph for the exclusion actually applied to this row, if any)"
diagnostic_only_gt_1000min_per_dep,1007.8518518518518,1.0,0.0,IAH,SYD,2025,3,27.0,8587.0,1007.8518518518518,"NOT EXCLUDED on its own (diagnostic only; see implied_speed_below_50mph for the exclusion actually applied to this row, if any)"
diagnostic_only_gt_1000min_per_dep,1006.7142857142857,1.0,0.0,IAH,SYD,2025,10,7.0,8587.0,1006.7142857142857,"NOT EXCLUDED on its own (diagnostic only; see implied_speed_below_50mph for the exclusion actually applied to this row, if any)"
diagnostic_only_gt_1000min_per_dep,1013.1333333333333,1.0,0.0,IAH,SYD,2025,11,30.0,8587.0,1013.1333333333333,"NOT EXCLUDED on its own (diagnostic only; see implied_speed_below_50mph for the exclusion actually applied to this row, if any)"
diagnostic_only_gt_1000min_per_dep,1007.2,1.0,0.0,IAH,SYD,2025,12,30.0,8587.0,1007.2,"NOT EXCLUDED on its own (diagnostic only; see implied_speed_below_50mph for the exclusion actually applied to this row, if any)"
diagnostic_only_gt_1000min_per_dep,1019.4516129032259,1.0,0.0,KIX,DFW,2001,10,31.0,6695.0,1019.4516129032259,"NOT EXCLUDED on its own (diagnostic only; see implied_speed_below_50mph for the exclusion actually applied to this row, if any)"
diagnostic_only_gt_1000min_per_dep,1018.2777777777778,1.0,0.0,KIX,DFW,2001,11,18.0,6695.0,1018.2777777777778,"NOT EXCLUDED on its own (diagnostic only; see implied_speed_below_50mph for the exclusion actually applied to this row, if any)"
diagnostic_only_gt_1000min_per_dep,1001.8,1.0,0.0,LAX,SIN,2017,10,5.0,8758.0,1001.8,"NOT EXCLUDED on its own (diagnostic only; see implied_speed_below_50mph for the exclusion actually applied to this row, if any)"
diagnostic_only_gt_1000min_per_dep,1024.3666666666666,1.0,0.0,LAX,SIN,2017,11,30.0,8758.0,1024.3666666666666,"NOT EXCLUDED on its own (diagnostic only; see implied_speed_below_50mph for the exclusion actually applied to this row, if any)"
diagnostic_only_gt_1000min_per_dep,1033.967741935484,1.0,0.0,LAX,SIN,2017,12,31.0,8758.0,1033.967741935484,"NOT EXCLUDED on its own (diagnostic only; see implied_speed_below_50mph for the exclusion actually applied to this row, if any)"
diagnostic_only_gt_1000min_per_dep,1039.9354838709678,1.0,0.0,LAX,SIN,2018,1,31.0,8758.0,1039.9354838709678,"NOT EXCLUDED on its own (diagnostic only; see implied_speed_below_50mph for the exclusion actually applied to this row, if any)"
diagnostic_only_gt_1000min_per_dep,1041.4285714285713,1.0,0.0,LAX,SIN,2018,2,28.0,8758.0,1041.4285714285713,"NOT EXCLUDED on its own (diagnostic only; see implied_speed_below_50mph for the exclusion actually applied to this row, if any)"
diagnostic_only_gt_1000min_per_dep,1029.3225806451612,1.0,0.0,LAX,SIN,2018,3,31.0,8758.0,1029.3225806451612,"NOT EXCLUDED on its own (diagnostic only; see implied_speed_below_50mph for the exclusion actually applied to this row, if any)"
diagnostic_only_gt_1000min_per_dep,1024.0333333333333,1.0,0.0,LAX,SIN,2018,4,30.0,8758.0,1024.0333333333333,"NOT EXCLUDED on its own (diagnostic only; see implied_speed_below_50mph for the exclusion actually applied to this row, if any)"
diagnostic_only_gt_1000min_per_dep,1078.7,1.0,0.0,LSX,OGG,2001,4,30.0,7144.0,1078.7,"NOT EXCLUDED on its own (diagnostic only; see implied_speed_below_50mph for the exclusion actually applied to this row, if any)"
diagnostic_only_gt_1000min_per_dep,1225.0,1.0,0.0,MPB,NSB,2018,2,46.0,55.0,1225.0,"NOT EXCLUDED on its own (diagnostic only; see implied_speed_below_50mph for the exclusion actually applied to this row, if any)"
diagnostic_only_gt_1000min_per_dep,1143.0,1.0,0.0,MPB,NSB,2019,12,44.0,55.0,1143.0,"NOT EXCLUDED on its own (diagnostic only; see implied_speed_below_50mph for the exclusion actually applied to this row, if any)"
diagnostic_only_gt_1000min_per_dep,1017.0166666666667,1.0,0.0,NRT,DFW,2008,11,60.0,6427.0,1017.0166666666667,"NOT EXCLUDED on its own (diagnostic only; see implied_speed_below_50mph for the exclusion actually applied to this row, if any)"
diagnostic_only_gt_1000min_per_dep,1064.7931034482758,1.0,0.0,NRT,EWR,2007,12,29.0,6732.0,1064.7931034482758,"NOT EXCLUDED on its own (diagnostic only; see implied_speed_below_50mph for the exclusion actually applied to this row, if any)"
diagnostic_only_gt_1000min_per_dep,1053.8333333333333,1.0,0.0,NRT,JFK,2008,11,30.0,6745.0,1053.8333333333333,"NOT EXCLUDED on its own (diagnostic only; see implied_speed_below_50mph for the exclusion actually applied to this row, if any)"
diagnostic_only_gt_1000min_per_dep,2433.0,1.0,0.0,NSB,FLL,2018,2,88.0,59.0,2433.0,"NOT EXCLUDED on its own (diagnostic only; see implied_speed_below_50mph for the exclusion actually applied to this row, if any)"
diagnostic_only_gt_1000min_per_dep,1244.0,1.0,0.0,NSB,FLL,2019,12,44.0,59.0,1244.0,"NOT EXCLUDED on its own (diagnostic only; see implied_speed_below_50mph for the exclusion actually applied to this row, if any)"
diagnostic_only_gt_1000min_per_dep,1080.0,1.0,0.0,NSB,MPB,2018,2,45.0,55.0,1080.0,"NOT EXCLUDED on its own (diagnostic only; see implied_speed_below_50mph for the exclusion actually applied to this row, if any)"
diagnostic_only_gt_1000min_per_dep,1157.0,1.0,0.0,NSB,MPB,2019,12,46.0,55.0,1157.0,"NOT EXCLUDED on its own (diagnostic only; see implied_speed_below_50mph for the exclusion actually applied to this row, if any)"
diagnostic_only_gt_1000min_per_dep,1001.7857142857143,1.0,0.0,SFO,SIN,2017,2,28.0,8440.0,1001.7857142857143,"NOT EXCLUDED on its own (diagnostic only; see implied_speed_below_50mph for the exclusion actually applied to this row, if any)"
diagnostic_only_gt_1000min_per_dep,1003.6129032258065,1.0,0.0,SFO,SIN,2018,1,31.0,8440.0,1003.6129032258065,"NOT EXCLUDED on its own (diagnostic only; see implied_speed_below_50mph for the exclusion actually applied to this row, if any)"
diagnostic_only_gt_1000min_per_dep,1007.8214285714286,1.0,0.0,SFO,SIN,2018,2,28.0,8440.0,1007.8214285714286,"NOT EXCLUDED on its own (diagnostic only; see implied_speed_below_50mph for the exclusion actually applied to this row, if any)"
diagnostic_only_gt_1000min_per_dep,1004.7,1.0,0.0,SFO,SIN,2019,1,60.0,8440.0,1004.7,"NOT EXCLUDED on its own (diagnostic only; see implied_speed_below_50mph for the exclusion actually applied to this row, if any)"
diagnostic_only_gt_1000min_per_dep,1011.0,1.0,0.0,SFO,SIN,2019,2,51.0,8440.0,1011.0,"NOT EXCLUDED on its own (diagnostic only; see implied_speed_below_50mph for the exclusion actually applied to this row, if any)"
diagnostic_only_gt_1000min_per_dep,1003.7258064516129,1.0,0.0,SFO,SIN,2020,1,62.0,8440.0,1003.7258064516129,"NOT EXCLUDED on its own (diagnostic only; see implied_speed_below_50mph for the exclusion actually applied to this row, if any)"
diagnostic_only_gt_1000min_per_dep,1005.2258064516129,1.0,0.0,SFO,SIN,2024,1,62.0,8440.0,1005.2258064516129,"NOT EXCLUDED on its own (diagnostic only; see implied_speed_below_50mph for the exclusion actually applied to this row, if any)"
diagnostic_only_gt_1000min_per_dep,1004.1607142857143,1.0,0.0,SFO,SIN,2025,2,56.0,8440.0,1004.1607142857143,"NOT EXCLUDED on its own (diagnostic only; see implied_speed_below_50mph for the exclusion actually applied to this row, if any)"
diagnostic_only_gt_1000min_per_dep,1002.016129032258,1.0,0.0,SFO,SIN,2025,12,62.0,8440.0,1002.016129032258,"NOT EXCLUDED on its own (diagnostic only; see implied_speed_below_50mph for the exclusion actually applied to this row, if any)"
diagnostic_only_gt_1000min_per_dep,1019.3548387096774,1.0,0.0,TPE,SFO,2002,5,31.0,6469.0,1019.3548387096774,"NOT EXCLUDED on its own (diagnostic only; see implied_speed_below_50mph for the exclusion actually applied to this row, if any)"
diagnostic_only_gt_1000min_per_dep,1019.7096774193549,1.0,0.0,TPE,SFO,2002,12,31.0,6469.0,1019.7096774193549,"NOT EXCLUDED on its own (diagnostic only; see implied_speed_below_50mph for the exclusion actually applied to this row, if any)"
diagnostic_only_gt_1000min_per_dep,1019.2592592592592,1.0,0.0,TPE,SJC,2001,4,27.0,6499.0,1019.2592592592592,"NOT EXCLUDED on its own (diagnostic only; see implied_speed_below_50mph for the exclusion actually applied to this row, if any)"
diagnostic_only_gt_1000min_per_dep,1019.3333333333334,1.0,0.0,TPE,SJC,2001,5,30.0,6499.0,1019.3333333333334,"NOT EXCLUDED on its own (diagnostic only; see implied_speed_below_50mph for the exclusion actually applied to this row, if any)"
